,ISO Code,CountryName,Year,1. Deaths of children under 5 years of age due to (percentage):,1. Deaths of children under 5 years of age due to (percentage):,1. Deaths of children under 5 years of age due to (percentage):,1. Deaths of children under 5 years of age due to (percentage):,1. Deaths of children under 5 years of age due to (percentage):,1. Deaths of children under 5 years of age due to (percentage):,1. Deaths of children under 5 years of age due to (percentage):,1. Deaths of children under 5 years of age due to (percentage):,1. Deaths of children under 5 years of age due to (percentage):,1. Deaths of children under 5 years of age due to (percentage):,1. Deaths of children under 5 years of age due to (percentage):,1. Deaths of children under 5 years of age due to (percentage):,1. Deaths of children under 5 years of age due to (percentage):,1. Deaths of children under 5 years of age due to (percentage):,1. Deaths of children under 5 years of age due to (percentage):,2. Deaths of children under 5 years of age by period due to (percentage):,2. Deaths of children under 5 years of age by period due to (percentage):,2. Deaths of children under 5 years of age by period due to (percentage):,2. Deaths of children under 5 years of age by period due to (percentage):,2. Deaths of children under 5 years of age by period due to (percentage):,2. Deaths of children under 5 years of age by period due to (percentage):,2. Deaths of children under 5 years of age by period due to (percentage):,2. Deaths of children under 5 years of age by period due to (percentage):,2. Deaths of children under 5 years of age by period due to (percentage):,2. Deaths of children under 5 years of age by period due to (percentage):,2. Deaths of children under 5 years of age by period due to (percentage):,2. Deaths of children under 5 years of age by period due to (percentage):,2. Deaths of children under 5 years of age by period due to (percentage):,2. Deaths of children under 5 years of age by period due to (percentage):,2. Deaths of children under 5 years of age by period due to (percentage):,2. Deaths of children under 5 years of age by period due to (percentage):,2. Deaths of children under 5 years of age by period due to (percentage):,3. Deaths of children aged 1-59 months due to (percentage):,3. Deaths of children aged 1-59 months due to (percentage):,3. Deaths of children aged 1-59 months due to (percentage):,3. Deaths of children aged 1-59 months due to (percentage):,3. Deaths of children aged 1-59 months due to (percentage):,3. Deaths of children aged 1-59 months due to (percentage):,3. Deaths of children aged 1-59 months due to (percentage):,3. Deaths of children aged 1-59 months due to (percentage):,3. Deaths of children aged 1-59 months due to (percentage):,4. Deaths of newborns (first month of life) due to (percentage):,4. Deaths of newborns (first month of life) due to (percentage):,4. Deaths of newborns (first month of life) due to (percentage):,4. Deaths of newborns (first month of life) due to (percentage):,4. Deaths of newborns (first month of life) due to (percentage):,4. Deaths of newborns (first month of life) due to (percentage):,4. Deaths of newborns (first month of life) due to (percentage):,4. Deaths of newborns (first month of life) due to (percentage):,4. Deaths of newborns (first month of life) due to (percentage):
,ISO Code,CountryName,Year,Preterm,Pertussis,Intrapartum,Sepsis,Tetanus,Congenital,Pneumonia,Diarrhoea,Malaria,Aids,Measles,Injury,Meningitis,Other,Total,Pneumonia (Newborn),Preterm (Newborn),Intrapartum (Newborn),Sepis (Newborn),Tetanus (Newborn),Congenital (Newborn),Diarrheoea (Newborn),Other (Newborn),"Pneumonia
(1-59 months)","Diarrhoea
(1-59 months)","Malaria
(1-59 months)","AIDS 
(1-59 months)","Measles 
(1-59 months)","Injuries
(1-59 months)","Meningitis
(1-59 months)","Other
(1-59 months)",Total,Pneumonia ,Diarrhoea ,Malaria ,AIDS ,Measles ,Injuries ,Meningitis ,Other ,Total,Pneumonia ,Preterm ,Intrapartum ,Sepis ,Tetanus ,Congenital ,Diarrheoea ,Other ,Total
0,AFG,Afghanistan,2015,14.6,1.2,11,7,0.8,4.9,19.8,12.4,0,0,1,7.3,2.5,17.3,100,2.5,12,10.3,7,0.8,2.4,0.5,2.9,17.3,12,0,0,1,6.8,2.5,21.8,100,28.1,19.4,0,0.1,1.7,11.1,4.1,35.4,100,6.5,31.2,26.8,18.3,2.2,6.3,1.2,7.4,100
1,ALB,Albania,2015,20.8,0.7,7.5,2.7,0.4,27.5,11.9,1.2,0,0.3,0,8.7,1.9,16.3,100,2.8,18.6,5.6,2.7,0.4,11.8,0,3.2,9.1,1.2,0,0.3,0,8.2,1.9,34.3,100,16.5,2.2,0,0.5,0,14.9,3.4,62.5,100,6.3,41.1,12.5,6,1,26.1,0,7,100
2,DZA,Algeria,2015,21.9,0.8,13.7,8.8,0.2,16.3,12.9,5,0,0.1,0.1,6.2,0.8,13.2,100,3.1,19.9,13,8.8,0.2,11.8,0.1,4,9.8,4.9,0,0.1,0.1,5.4,0.8,18,100,25.2,12.5,0,0.3,0.3,13.7,2.1,45.9,100,5,32.7,21.4,14.5,0.3,19.4,0.2,6.5,100
3,AND,Andorra,2015,24.3,0,7.4,2.9,0,36,2.7,0.1,0,0,0,6.1,0.8,19.6,100,0.4,18,5.6,2.9,0,17,0,6.2,2.3,0.1,0,0,0,5.7,0.8,41,100,4.6,0.3,0,0,0,11.5,1.6,82,100,0.7,36,11.1,5.9,0,33.9,0,12.4,100
4,AGO,Angola,2015,12.5,0.5,10.8,5,1.2,5.8,17.4,14.7,6.3,1.2,0.3,5.3,1.4,17.5,100,2.1,10,9.5,5,1.2,1.6,0.2,1.8,15.3,14.5,6.3,1.2,0.3,5,1.4,24.6,100,22.3,21.1,9.2,1.8,0.4,7.3,2.1,35.9,100,6.8,31.8,30.3,15.9,3.8,4.9,0.8,5.7,100
5,ATG,Antigua & Barbuda,2015,26.5,0,14.2,0,0,21.6,3.2,0,0,2.6,0,4.5,0,27.5,100,0,26.5,14.2,0,0,13.5,0,4.1,3.2,0,0,2.6,0,4.5,0,31.5,100,7.6,0,0,6.1,0,10.7,0,75.6,100,0,45.4,24.4,0,0,23.1,0,7.1,100
6,ARG,Argentina,2015,25.7,0.6,3.9,4.9,0,28.1,7.4,1.3,0,0.1,0,7.8,1.3,18.8,100,0.9,22.8,3.5,4.9,0,14,0,4.3,6.5,1.3,0,0.1,0,7.4,1.3,32.9,100,13.2,2.6,0,0.3,0,14.9,2.6,66.4,100,1.8,45.1,7,9.8,0,27.8,0,8.5,100
7,ARM,Armenia,2015,23.4,0.6,8.5,3.5,0,26.4,10.7,1.3,0,0.2,0,8.5,1.7,15.2,100,3.2,21.4,6.1,3.5,0,13.6,0,4.4,7.6,1.3,0,0.2,0,7.8,1.7,29.3,100,15.8,2.6,0,0.4,0,16.4,3.5,61.3,100,6,41.1,11.7,6.8,0,26.1,0,8.4,100
8,AUS,Australia,2015,19.7,0.1,10.4,1.2,0,28,2.7,0.3,0.1,0,0,7.7,0.9,29,100,0.1,16.8,9.7,1.2,0,17.3,0,12.2,2.6,0.3,0.1,0,0,7.5,0.8,31.3,100,6.2,0.7,0.2,0,0,17.7,1.9,73.4,100,0.2,29.4,17,2.1,0,30.2,0,21.2,100
9,AUT,Austria,2015,23.5,0,6.5,1.6,0,33.6,1.5,0.4,0,0.1,0,4.9,1.8,26,100,0,20.3,5.8,1.6,0,21.4,0,10.9,1.5,0.4,0,0.1,0,4.2,1.8,31.9,100,3.7,1,0,0.3,0,10.4,4.6,80,100,0,33.8,9.7,2.6,0,35.7,0,18.2,100
10,AZE,Azerbaijan,2015,24.3,0.5,13.6,6.9,0.2,14.1,12.2,5.9,0,0.1,0,6.2,0.6,15.2,100,3,23.1,12.1,6.9,0.2,10,0.2,3.7,9.2,5.7,0,0.1,0,5.8,0.6,19.3,100,22.5,13.9,0,0.3,0,14.2,1.5,47.4,100,5.1,39,20.4,11.6,0.4,16.9,0.3,6.3,100
11,BHS,Bahamas,2015,28.2,0,8.3,3.9,0,11.7,13,0.6,0,0.9,0,9.9,0.6,22.8,100,3.7,28.2,7.3,3.9,0,10.2,0,3.9,9.3,0.6,0,0.9,0,9.3,0.6,22.1,100,21.6,1.5,0,2.1,0,21.8,1.5,51.6,100,6.5,49.4,12.7,6.9,0,17.8,0,6.8,100
12,BHR,Bahrain,2015,21.9,0,2.9,0.6,0,36.1,2.3,0.4,0,0.4,0,5.6,1.2,28.6,100,0.1,6.9,0.5,0.6,0,8.1,0,1.6,2.2,0.4,0,0.4,0,5.6,1.2,72.4,100,2.7,0.5,0,0.5,0,6.8,1.5,88.1,100,0.8,38.7,2.8,3.3,0,45.5,0,8.9,100
13,BGD,Bangladesh,2015,19.8,0.4,14.9,12.4,0.3,9.3,14.5,6,0.2,0,1.9,6,1.5,12.6,100,3.7,18.5,14.3,12.4,0.3,7.9,0.5,4.8,10.9,5.6,0.2,0,1.9,5.5,1.5,12.1,100,28.8,14.8,0.6,0,5,14.5,4.1,32.2,100,5.9,29.7,22.9,19.9,0.6,12.7,0.7,7.6,100
14,BRB,Barbados,2015,19.1,0,12.7,13.1,0,18.8,2.6,0,0,0,0,6.6,0,27.1,100,0,16.3,8,13.1,0,15.2,0,8.7,2.6,0,0,0,0,5.3,0,30.7,100,6.8,0,0,0,0,13.6,0,79.5,100,0,26.6,13,21.3,0,24.8,0,14.2,100
15,BLR,Belarus,2015,20.7,1.4,7.1,2.4,0,35.4,6.1,0.6,0,0.1,0,8.1,1.3,16.8,100,1.1,16.3,4.6,2.4,0,14,0,3.8,5,0.6,0,0.1,0,7.5,1.3,43.4,100,8.6,1,0,0.2,0,13,2.2,75,100,2.6,38.7,10.9,5.7,0,33.1,0,9,100
16,BEL,Belgium,2015,16.3,0.3,9.1,2,0,29.4,1.6,0.1,0,0,0,9.7,1.6,29.7,100,0.2,13.9,8.8,2,0,17.6,0,10.7,1.4,0.1,0,0,0,9.6,1.6,34,100,3,0.2,0,0,0,20.5,3.5,72.8,100,0.5,26,16.6,3.8,0,33.1,0,20,100
17,BLZ,Belize,2015,17.3,0,8,7.6,0,23.9,8.3,3.1,0,1.2,0,7,1.5,22.1,100,1.7,16.6,7.6,7.6,0,11.3,0,6,6.6,3.1,0,1.2,0,6.2,1.5,30.7,100,13.3,6.3,0,2.4,0,12.7,3,62.3,100,3.4,32.7,14.9,14.9,0,22.2,0,11.8,100
18,BEN,Benin,2015,12.9,1,9.4,7,0.2,5.1,15.4,10.8,11.6,1.1,0.7,5.7,2.4,16.8,100,1.9,10.9,8.3,7,0.2,2,0.1,1.8,13.5,10.6,11.6,1,0.7,5.4,2.4,22.4,100,19.9,15.7,17.1,1.5,1,8,3.6,33.1,100,5.9,33.8,25.8,21.7,0.7,6.1,0.4,5.6,100
19,BTN,Bhutan,2015,21.9,0.4,12,9,0.2,11.1,14.6,6.2,0,1.6,0,7.5,1.2,14.5,100,2.7,20.1,11.2,9,0.2,8,0.2,3.4,11.9,6,0,1.6,0,6.2,1.2,18.5,100,26.2,13.2,0,3.4,0,13.7,2.6,40.8,100,4.9,36.8,20.4,16.4,0.3,14.7,0.3,6.2,100
20,BOL,Bolivia,2015,18.7,2.9,14.5,6.5,0.3,14.6,13.9,6.1,0,0.3,0,7.5,1,13.8,100,2.9,16.7,12.8,6.5,0.3,8.2,0.2,3.7,11,6,0,0.3,0,6.6,1,24,100,22.5,12.3,0,0.6,0,13.5,2,49.1,100,5.6,32.6,25.1,12.6,0.6,16,0.3,7.2,100
21,BIH,Bosnia & Herzegovina,2015,31.4,0.6,9.8,4.9,0,32.5,5.1,0.4,0,0.1,0.8,2.9,0.5,11.1,100,2.8,29.1,8.6,4.9,0,22.5,0,5.5,2.2,0.4,0,0.1,0.8,2.1,0.5,20.6,100,8.4,1.4,0,0.3,3,7.8,1.9,77.2,100,3.8,39.6,11.7,6.7,0,30.7,0,7.5,100
22,BWA,Botswana,2015,21.6,0.3,12.2,7,0.2,11.1,12.4,6.3,0,5.1,0.7,6.4,0.6,16.2,100,2.9,19.5,11.3,7,0.2,7.2,0.2,2.7,9.4,6.2,0,5.1,0.7,6,0.6,21.1,100,19.2,12.6,0,10.3,1.5,12.3,1.1,43,100,5.7,38.2,22.2,13.7,0.4,14.2,0.3,5.3,100
23,BRA,Brazil,2015,18.9,0.2,9.3,7.8,0,22.1,9.1,2.5,0,0.2,0,6.1,1.2,22.6,100,1.1,17,8.3,7.8,0,10.7,0,9.6,8,2.5,0,0.2,0,5.7,1.2,27.8,100,17.6,5.5,0,0.4,0,12.6,2.6,61.3,100,2.1,31.2,15.2,14.3,0,19.7,0,17.6,100
24,BRN,Brunei,2015,18.1,0,8.7,8,0,25.2,3.7,2.3,0,0,0,2.8,0.3,31.1,100,1.4,10.7,6.6,5.4,0,11.6,0,7.2,2.3,2.3,0,0,0,2.8,0.3,49.5,100,4.1,4,0,0,0,4.9,0.5,86.6,100,3.2,25,15.4,12.5,0,27.1,0,16.8,100
25,BGR,Bulgaria,2015,25.5,0,9.8,2.5,0,25,17,1.1,0,0,0.4,5.2,1.8,11.8,100,2.9,22.4,9.2,2.5,0,13.3,0,2.6,14.1,1.1,0,0,0.4,4.9,1.6,25.2,100,29.8,2.3,0,0,0.8,10.3,3.4,53.4,100,5.5,42.4,17.3,4.7,0,25.1,0,5,100
26,BFA,Burkina Faso,2015,11.2,1,9,6.8,0.2,4.3,12.8,8.2,21.4,0.6,2.3,5.8,2,14.4,100,1.8,9.5,8.1,6.8,0.2,2,0.1,1.7,11,8.1,21.4,0.6,2.3,5.4,2,18.9,100,15.8,11.6,30.6,0.9,3.3,7.7,2.9,27.1,100,6,31.3,26.8,22.5,0.6,6.7,0.4,5.7,100
27,BDI,Burundi,2015,12.9,1.1,12,6,0.3,5.6,16,10.1,6.5,0.9,0.1,7.9,1.8,18.9,100,2.4,10.8,10.7,6,0.3,2.9,0.2,2.4,13.6,9.9,6.5,0.9,0.1,7.4,1.8,24.2,100,21.1,15.4,10.1,1.3,0.2,11.6,2.7,37.7,100,6.8,30.1,30,16.9,1,8.1,0.5,6.7,100
28,KHM,Cambodia,2015,16.4,2.9,13,8.7,0.2,10.7,16.5,6.7,0.3,0.5,0,8.1,1.8,14.3,100,2.7,14.8,12.1,8.7,0.2,8.7,0.2,4.1,13.8,6.5,0.3,0.5,0,7.5,1.8,18.1,100,28.5,13.4,0.6,1.1,0,15.4,3.7,37.4,100,5.2,28.8,23.6,17,0.3,16.9,0.3,7.9,100
29,CMR,Cameroon,2015,10.4,1.1,10.8,5.3,0.3,6.2,15.5,11.3,9.9,4,0.2,6.9,1.8,16.4,100,2,8,9.5,5.3,0.3,2.3,0.1,2,13.5,11.1,9.9,4,0.2,6.6,1.8,23.4,100,19.1,15.8,14,5.7,0.2,9.4,2.6,33.2,100,6.9,27,32,18,0.9,7.8,0.4,6.8,100
30,CAN,Canada,2015,27.1,0.2,9.2,3.2,0,31.4,2.1,0.3,0,0,0,6.7,1,18.8,100,0.4,25.5,7.9,3.2,0,20.9,0,7,1.7,0.3,0,0,0,6.2,1,26.1,100,4.8,0.8,0,0,0,17.5,2.9,74,100,0.6,39.3,12.1,4.9,0,32.2,0,10.9,100
31,CPV,Cape Verde,2015,20.9,0.7,8.5,4.5,0.4,20.9,13.7,5.3,0,0.7,0,4.8,1.3,18.5,100,2.7,19.4,8,4.5,0.4,10.1,0,4.8,11,5.3,0,0.7,0,4.3,1.3,27.7,100,21.9,10.5,0,1.3,0,8.6,2.6,55.1,100,5.4,38.9,16.1,8.9,0.7,20.4,0,9.7,100
32,CAF,Central African Republic,2015,10.8,0.9,11.9,5.1,1.3,4,16,10.4,15.3,3.4,0.9,4.4,3.5,12.1,100,2.4,9.2,11,5.1,1.3,1.9,0.3,2,13.6,10.1,15.3,3.4,0.9,4.1,3.5,15.8,100,20.4,15.2,22.9,5.1,1.3,6.2,5.2,23.7,100,7.2,27.8,33.1,15.4,3.9,5.6,0.9,6.1,100
33,TCD,Chad,2015,10.1,0.9,10.4,4.6,1.2,4.2,23.3,13.7,6,2.1,0.2,5.6,5,12.7,100,2.4,8,9.2,4.6,1.2,1.5,0.3,1.6,20.9,13.4,6,2,0.2,5.4,5,18.2,100,29.4,18.8,8.5,2.9,0.3,7.6,7,25.6,100,8.3,27.9,32.2,15.8,4.1,5.3,1.1,5.5,100
34,CHL,Chile,2015,26.5,0.5,4.2,2.7,0,39.9,3.5,0.1,0,0.1,0,6.5,0.9,15.1,100,0.9,24.3,3.7,2.7,0,23.9,0,4.9,2.6,0.1,0,0,0,6.1,0.9,29.9,100,6.6,0.2,0,0.1,0,15.5,2.3,75.4,100,1.5,40.3,6.1,4.5,0,39.5,0,8.1,100
35,CHN,China,2015,18.3,0.8,14.3,2.9,0.1,17.9,12.1,2.8,0,0.2,0.3,16.6,1.4,12.4,100,3.7,17.5,14,1.2,0,9.4,0.3,5.4,8.4,2.5,0,0.2,0.3,14.5,1.3,21.3,100,17.4,5.2,0,0.4,0.6,29.8,2.6,44,100,7.1,33.9,27.2,2.3,0.1,18.2,0.6,10.5,100
36,COL,Colombia,2015,21,0.3,5.7,7.2,0,24.8,10.2,2.1,0.1,0.2,0,6.7,1.2,20.4,100,2,18.5,4.9,7.2,0,14.6,0,6.1,8.2,2.1,0.1,0.2,0,6.3,1.2,28.7,100,17.5,4.5,0.3,0.4,0,13.4,2.5,61.4,100,3.8,34.7,9.2,13.5,0,27.3,0,11.5,100
37,COM,Comoros,2015,19.3,1.5,12.2,7.1,0.5,6.3,15.8,7.5,7.9,1.1,0,5.1,2.1,13.6,100,3,17.7,11.4,7.1,0.5,3.9,0.3,2.8,12.8,7.1,7.9,1.1,0,4.8,2.1,17.3,100,24.1,13.4,14.9,2,0,9,4,32.6,100,6.4,37.8,24.3,15.2,1.2,8.4,0.7,6,100
38,COG,Congo,2015,15.6,2,11.2,5.9,0.2,9.6,13.4,7.1,5.6,6.3,0.7,6.8,1,14.6,100,2.4,13.6,10.1,5.9,0.2,5.9,0.1,2.3,10.9,7,5.6,6.3,0.7,6.4,1,21.6,100,18.4,11.8,9.5,10.5,1.1,10.8,1.6,36.3,100,6,33.5,25,14.6,0.4,14.5,0.4,5.6,100
39,COD,Congo DR,2015,12.6,1,9.9,5,0.4,4.8,15.2,10.5,11.9,1.1,3.1,5.7,2.6,16.3,100,2,10.8,8.9,5,0.3,2.2,0.1,1.7,13.2,10.4,11.9,1.1,3.1,5.4,2.6,21.4,100,19.1,15,17.3,1.6,4.5,7.8,3.8,30.9,100,6.4,34.7,28.6,16,1.1,7.1,0.4,5.5,100
40,COK,Cook Islands,2015,28.2,0,11.2,3.8,0,29,4.8,0.7,0,0,0,5.5,0.8,16,100,0.9,25.5,9.5,3.8,0,19.2,0,7.9,3.9,0.7,0,0,0,4.9,0.8,23,100,11.7,2.1,0,0,0,14.7,2.5,69,100,1.3,38.2,14.2,5.7,0,28.7,0,11.9,100
41,CRI,Costa Rica,2015,27.7,0.1,7.6,1.4,0,38.8,5,1,0,0,0,3.8,1,13.6,100,2,25.4,7.3,1.4,0,24.9,0,2.5,3,1,0,0,0,3.6,0.9,27.9,100,8.2,2.8,0,0,0,9.9,2.6,76.5,100,3.1,40,11.5,2.2,0,39.3,0,3.9,100
42,CIV,Cote d Ivoire,2015,14.5,0.9,12.2,8.4,0.6,4.7,14.5,7.6,16.7,2.1,0.2,4.3,2.1,11.1,100,2.7,13.2,11.5,8.4,0.6,2.7,0.3,2.4,11.8,7.3,16.7,2.1,0.2,3.9,2.1,14.1,100,20.3,12.5,28.6,3.6,0.3,6.7,3.7,24.3,100,6.4,31.6,27.5,20.2,1.4,6.5,0.6,5.8,100
43,HRV,Croatia,2015,15.6,0,7.2,3.4,0,27.3,2.7,0,0,0,0,4.5,2.5,36.9,100,1.3,13.5,5.5,3.4,0,14.8,0,21,1.4,0,0,0,0,4.1,2.5,32.6,100,3.4,0,0,0,0,10.2,6.1,80.4,100,2.2,22.8,9.2,5.6,0,24.8,0,35.3,100
44,CUB,Cuba,2015,16.8,0,7.7,4.6,0,23.5,11.2,1.3,0,0.1,0,8.5,2.9,23.4,100,3.3,13.3,5.9,4.6,0,9.4,0,5.2,7.9,1.3,0,0.1,0,8.1,2.8,38.1,100,13.5,2.3,0,0.1,0,13.9,4.8,65.4,100,8,31.8,14.2,11.1,0,22.5,0,12.5,100
45,CYP,Cyprus,2015,24.8,1.2,8.4,3.3,0,35.8,2.6,0.2,0,0.1,0,5,0.7,17.9,100,0.6,20.1,5.8,3.3,0,18.4,0,6.1,1.9,0.2,0,0.1,0,4.6,0.7,38.2,100,4.2,0.3,0,0.3,0,10,1.5,83.7,100,1.2,36.9,10.7,6.1,0,33.8,0,11.3,100
46,CZE,Czech Republic,2015,25.9,0,10.1,4.6,0,22.6,6,1,0,0,0,8.3,1.5,20,100,0.7,19.3,8.6,4.6,0,12.7,0,5.2,5.2,1,0,0,0,7.6,1.5,33.4,100,10.7,2.1,0,0,0,15.7,3,68.5,100,1.4,37.7,16.9,9.1,0,24.7,0,10.2,100
47,DNK,Denmark,2015,38.4,0,8.3,1.4,0,24.7,1.2,0.6,0,0,0,4.1,0.9,20.5,100,0.1,35.1,8.2,1.4,0,14.5,0,9.7,1,0.6,0,0,0,3.5,0.8,25.1,100,3.4,2,0,0,0,11.2,2.5,81,100,0.2,50.9,11.8,2,0,21,0,14.1,100
48,DJI,Djibouti,2015,19.8,0.3,13.9,7.1,0.6,7.7,12.9,8.1,0.3,3.2,3.5,5.8,1.1,15.6,100,3.1,18.2,13.1,7.1,0.6,5.3,0.4,3.8,9.8,7.7,0.3,3.1,3.5,5.1,1.1,17.8,100,20.2,15.9,0.6,6.5,7.3,10.5,2.2,36.7,100,6,35.2,25.4,13.8,1.3,10.2,0.8,7.4,100
49,DMA,Dominica,2015,13.9,0,16.8,18.9,0,22.6,3.9,1.4,0,0,0,7,0,15.4,100,0.8,13.9,16.8,18.9,0,16.2,0,7.3,3.1,1.4,0,0,0,5.6,0,15.9,100,12,5.4,0,0,0,21.4,0,61.1,100,1.1,18.9,22.7,25.5,0,22,0,9.9,100
50,DOM,Dominican Republic,2015,27,0.6,15.3,9,0,16.8,10.4,3.4,0,0.9,0,6.2,0.6,9.7,100,3.7,25.4,14.7,9,0,12.2,0.3,4.8,6.7,3.2,0,0.9,0,3.7,0.6,14.7,100,22.5,10.7,0,3.1,0,12.5,1.8,49.4,100,5.3,36.2,21,12.9,0,17.4,0.4,6.9,100
51,ECU,Ecuador,2015,21.3,0.7,7.4,5.4,0.6,21.7,12.2,4.1,0,0,0,8,1.5,17,100,2.6,20.3,6.8,5.4,0.6,10.7,0,3.4,9.6,4.1,0,0,0,7.5,1.5,27.4,100,19.1,8.2,0,0.1,0,14.9,3.1,54.7,100,5.2,40.7,13.6,10.8,1.2,21.5,0,6.9,100
52,EGY,Egypt,2015,24,0.6,10.7,2.9,0.9,21.1,12.7,5,0,0,0.2,5.7,0.5,15.8,100,3.1,20.6,9.8,2.9,0.9,11.6,0,5.5,9.7,5,0,0,0.2,5.1,0.5,25.1,100,21.2,10.9,0,0.1,0.3,11.1,1.1,55.2,100,5.6,37.9,18.1,5.2,1.7,21.4,0,10.1,100
53,SLV,El Salvador,2015,20.5,1.3,8,4,0.6,23.1,12.2,5.4,0,1.3,0,6.1,1.3,16.2,100,2.4,18.3,7.2,4,0.6,11.6,0,5.1,9.8,5.4,0,1.3,0,5.6,1.3,27.3,100,19.3,10.7,0,2.5,0,11.1,2.5,53.8,100,4.9,37.1,14.6,8.2,1.3,23.6,0,10.4,100
54,GNQ,Equatorial Guinea,2015,13.1,1.3,11.3,4.4,0.5,6.1,15.8,7.5,8.6,4.5,9.2,4.5,1.1,12,100,2.4,11.4,10.5,4.4,0.5,2.7,0.4,3.3,13.4,7.1,8.6,4.5,9.2,3.9,1.1,16.6,100,20.8,11.1,13.4,6.9,14.3,6,1.7,25.8,100,6.7,32,29.6,12.4,1.5,7.5,1.1,9.2,100
55,ERI,Eritrea,2015,10.6,2.6,12.6,8.4,0.2,7.8,20,8.9,0.6,0.9,1.7,8.7,3.3,13.7,100,2.5,8.7,11.5,8.4,0.2,5.3,0.2,2.7,17.4,8.8,0.6,0.9,1.7,8.2,3.3,19.7,100,28.8,14.5,1,1.5,2.8,13.5,5.4,32.6,100,6.5,22,29.2,21.2,0.4,13.5,0.4,6.8,100
56,EST,Estonia,2015,10.8,0,12.4,8.3,0,28,5.6,0.5,0,0,0,16.4,2.1,15.8,100,1.1,9.1,11.7,8.3,0,14.2,0,4.3,4.5,0.5,0,0,0,14.8,2.1,29.4,100,8.8,1,0,0,0,28.7,4.2,57.3,100,2.3,18.6,24,17.1,0,29.2,0,8.8,100
57,ETH,Ethiopia,2015,12.5,1.8,15.7,8.8,0.9,8,17.1,8.4,1.2,1.1,3.7,7.3,2.6,11,100,4,10.3,15,8.8,0.9,5.6,0.4,2.5,13.1,8.1,1.2,1,3.7,7,2.6,15.9,100,24.9,15.4,2.2,2,7.1,13.3,4.9,30.3,100,8.4,21.8,31.6,18.5,1.9,11.7,0.8,5.4,100
58,FSM,Federated States of Micronesia,2015,19.5,0,13.8,7,0.2,12.4,14.6,6.2,0,0,0,7,1.4,17.8,100,3.1,17.7,12.6,7,0.2,8.6,0.3,4.5,11.5,5.9,0,0,0,6.6,1.4,20.5,100,25,13,0,0,0,14.4,3,44.6,100,5.8,32.8,23.3,12.9,0.4,16,0.5,8.3,100
59,FJI,Fiji,2015,18.3,0.7,7,4.5,0.2,20.1,12.2,4,0,0.1,0,12.6,2.1,18.2,100,2.1,16.4,6.1,4.5,0.2,8.7,0,4.3,10.1,4,0,0.1,0,12.2,2.1,29.2,100,17.6,7,0,0.1,0,21.1,3.6,50.6,100,4.9,38.7,14.4,10.6,0.6,20.6,0,10.2,100
60,FIN,Finland,2015,20,0,9,2.8,0,31.9,2.6,0,0,0,0,7.6,0.7,25.4,100,0.4,17.1,8,2.8,0,20.9,0,6.8,2.2,0,0,0,0,7.2,0.7,34,100,4.9,0,0,0,0,16.3,1.6,77.2,100,0.7,30.6,14.3,4.9,0,37.3,0,12.2,100
61,FRA,France,2015,17.6,0,10.1,3,0,26.8,1.8,1.2,0,0.1,0,7.3,1.6,30.5,100,0.1,14.3,8.7,3,0,14.2,0,10.7,1.7,1.2,0,0.1,0,7.1,1.5,37.4,100,3.4,2.5,0,0.1,0,14.5,3.1,76.4,100,0.2,28,17,6,0,27.8,0,21,100
62,GAB,Gabon,2015,17.6,1.9,12.5,6.8,0.3,9.7,13.8,6.2,6,5.4,2.7,5,0.9,11.1,100,2.8,15.9,11.7,6.8,0.3,6,0.2,2.7,11,6,6,5.4,2.7,4.6,0.9,17.1,100,20.5,11.2,11.2,10,5.1,8.5,1.7,31.8,100,6,34.4,25.2,14.6,0.6,13,0.4,5.9,100
63,GMB,Gambia The,2015,14.9,1.2,13.9,9.1,0.4,7.6,13.8,8.8,3.5,2.5,0.2,6.9,1.5,15.6,100,2.8,12.7,12.8,9.1,0.4,4.1,0.2,2.6,11,8.6,3.5,2.4,0.2,6.5,1.5,21.5,100,19.9,15.6,6.4,4.4,0.4,11.7,2.7,38.8,100,6.2,28.5,28.6,20.4,0.9,9.2,0.4,5.8,100
64,GEO,Georgia,2015,26.6,0.7,9.2,5.4,0,27.2,8.1,0.9,0,0.2,0,7,1.2,13.5,100,2.8,24.9,7.1,5.4,0,16.4,0,4.1,5.3,0.9,0,0.2,0,6.4,1.2,25.4,100,13.5,2.2,0,0.4,0,16.2,3.2,64.5,100,4.6,41.1,11.7,8.8,0,27,0,6.8,100
65,DEU,Germany,2015,28,0,6.8,2.1,0,31.2,1.9,0.4,0,0,0,5.2,0.8,23.6,100,0.3,23.6,5.7,2.1,0,17.2,0,8.1,1.6,0.4,0,0,0,4.6,0.8,35.7,100,3.7,0.9,0,0,0,10.7,1.8,82.8,100,0.5,41.4,10,3.7,0,30.2,0,14.2,100
66,GHA,Ghana,2015,15.3,1.4,14.4,8.9,0.4,8.2,11.9,6.8,11.5,1.2,0.2,5.9,1.1,12.8,100,2.9,13.6,13.3,8.9,0.4,4.8,0.2,2.9,9,6.6,11.5,1.2,0.2,5.4,1.1,18,100,17,12.4,21.7,2.3,0.4,10.2,2.1,33.9,100,6.3,28.8,28.3,18.9,0.8,10.3,0.4,6.2,100
67,GRC,Greece,2015,34,0,5.4,0.5,0,43.6,3.3,0,0,0,0,4,0.4,8.8,100,0.1,34,5.4,0.5,0,20.6,0,2.1,3.2,0,0,0,0,3.8,0.3,30,100,8.5,0,0,0,0,10.2,0.7,80.6,100,0.2,54.2,8.6,0.8,0,32.9,0,3.3,100
68,GRD,Grenada,2015,21.3,0,11.4,3.2,0,21.9,6.5,2.4,0,0,0,8.6,0,24.7,100,3.4,20,11.4,3.2,0,5.1,0,6.9,3.1,2.4,0,0,0,8.1,0,36.4,100,6.3,4.8,0,0,0,16.2,0,72.8,100,6.8,40.1,22.7,6.3,0,10.3,0,13.8,100
69,GTM,Guatemala,2015,14,0.7,12.8,7.9,0,12.1,16.7,7.2,0,1.4,0,9.4,1.4,16.5,100,2.7,11.5,12,7.9,0,8.2,0.2,3.8,14,7.1,0,1.3,0,8.4,1.4,21.6,100,26,13.1,0,2.5,0,15.5,2.5,40.2,100,5.9,24.8,25.9,17,0,17.7,0.4,8.3,100
70,GIN,Guinea,2015,10.1,1.1,11.8,7.2,0.4,4.6,16.7,8.3,20.2,0.5,0.4,4.7,2.8,11.2,100,2.3,8.8,10.7,7.2,0.4,2.4,0.1,2.1,14.4,8.2,20.2,0.5,0.4,4.5,2.8,15.1,100,21.8,12.4,30.6,0.8,0.5,6.8,4.3,22.8,100,6.7,26.1,31.4,21.2,1.1,7.1,0.4,6.1,100
71,GNB,Guinea-Bissau,2015,12.9,0.9,14.8,9,0.8,5.9,17.5,9.5,4,3.5,0.5,5.4,2.6,12.5,100,3.1,11.1,13.8,9,0.8,3.1,0.2,2.7,14.4,9.3,4,3.5,0.5,5,2.6,16.7,100,25.7,16.6,7.1,6.3,0.9,8.9,4.6,29.8,100,7,25.2,31.5,20.6,1.9,7.1,0.5,6.2,100
72,GUY,Guyana,2015,19.7,0,13.1,9.2,0,11.9,6.9,5.3,6.2,0.8,0,7.1,1.4,18.4,100,1.9,19.7,12.9,9.2,0,8.1,0,9.2,5,5.3,6.2,0.6,0,6.2,1.4,14.3,100,12.8,13.5,15.8,1.6,0,16,3.6,36.6,100,3.1,32.3,21.2,15.2,0,13.2,0,15.1,100
73,HTI,Haiti,2015,13.2,1.7,11.2,6.8,0.3,7,22.5,10.4,0.2,0.7,0,7.6,3.5,14.8,100,2.4,11.3,9.4,6.8,0.3,2.9,0.3,3.1,20.2,10.1,0.2,0.7,0,7.1,3.5,21.6,100,31.8,15.9,0.4,1.1,0,11.2,5.6,34.1,100,6.5,30.7,25.7,18.6,0.8,8,1,8.6,100
74,HND,Honduras,2015,19.5,1.1,7.7,7.8,0.6,18.9,11.2,7.8,0,1.6,0,3.6,1,19.1,100,1.8,18.2,7,7.8,0.6,10.3,0,7.9,9.4,7.8,0,1.6,0,3.2,1,23.3,100,20.2,16.9,0.1,3.5,0,6.9,2.2,50.3,100,3.4,34,13,14.6,1,19.3,0,14.7,100
75,HUN,Hungary,2015,38.8,0,7.1,2.2,0,24.9,5.1,0.6,0,0,0,4.4,1.4,15.5,100,1.1,32.9,5.7,2.2,0,13.6,0,3.1,4,0.6,0,0,0,3.8,1.4,31.5,100,9.6,1.5,0,0,0,9.2,3.3,76.3,100,1.9,56.1,9.7,3.8,0,23.1,0,5.3,100
76,ISL,Iceland,2015,28.8,0,4.5,7.3,0,14.5,0,0,0,0,0,2.1,0,42.7,100,0,23.7,4.5,7.3,0,4.2,0,4.7,0,0,0,0,0,2.1,0,53.5,100,0,0,0,0,0,3.7,0,96.3,100,0,53.3,10.2,16.5,0,9.5,0,10.5,100
77,IND,India,2015,27.5,0.4,11.5,7.9,0.5,9,14.9,9.8,0.6,0.3,1.9,3.7,1.8,10.4,100,3,25.4,10.9,7.9,0.5,6.4,0.4,3.4,11.9,9.4,0.6,0.3,1.9,3.3,1.8,13,100,28.4,22.2,1.3,0.8,4.5,7.8,4.2,30.8,100,5.1,43.8,18.9,13.6,0.8,11.1,0.7,5.9,100
78,IDN,Indonesia,2015,18.9,0.7,12,6.5,0.2,10.8,17,5.8,1.4,1.2,3,6.8,1.7,13.9,100,2.6,17.8,10.9,6.5,0.2,8.6,0.2,3.4,14.4,5.6,1.4,1.2,3,6.2,1.7,16.3,100,28.9,11.3,2.9,2.4,6.1,12.4,3.3,32.8,100,5.2,35.5,21.6,13,0.3,17.1,0.3,6.9,100
79,IRN,Iran,2015,22.4,1.2,12.3,8.1,0.1,17.3,14.7,4.2,0,0.2,0,6.1,1.2,11.9,100,2.8,20.5,11.8,8.1,0.1,13.5,0.1,4,11.9,4.1,0,0.2,0,5.4,1.2,16.1,100,30.6,10.6,0,0.5,0,13.8,3.2,41.3,100,4.6,33.7,19.4,13.3,0.2,22.1,0.2,6.5,100
80,IRQ,Iraq,2015,21.6,0.6,14.2,7.1,0.3,14.1,15.2,5.5,0,0,0.1,6.8,1,13.4,100,3.3,20.1,13.1,7.1,0.3,10.2,0.3,3.7,11.9,5.2,0,0,0.1,5.6,1,18.1,100,28.3,12.5,0,0,0.3,13.3,2.5,43.2,100,5.7,34.5,22.5,12.2,0.6,17.6,0.5,6.4,100
81,IRL,Ireland,2015,24.7,0,6.6,2.3,0,43.1,2,0.3,0,0,0,3.9,1.8,15.3,100,0.6,21.7,6.2,2.3,0,28.7,0,3.6,1.4,0.3,0,0,0,3.9,1.8,29.5,100,3.8,0.7,0,0,0,10.5,4.9,80.1,100,0.9,34.4,9.8,3.6,0,45.5,0,5.8,100
82,ISR,Israel,2015,21.5,0,3.9,2.7,0,35.7,1.8,0.5,0,0,0,6.6,1.2,26.1,100,0,19.3,3.6,2.7,0,18.6,0,8.9,1.7,0.5,0,0,0,6.3,1.1,37.2,100,3.7,1.1,0,0,0,13.5,2.3,79.4,100,0.1,36.4,6.8,5,0,35,0,16.7,100
83,ITA,Italy,2015,26.2,0,7.5,3.4,0,26.9,1.5,0.2,0,0,0,3.4,0.6,30.2,100,0.2,22.7,6.3,3.4,0,14.5,0,11.9,1.3,0.2,0,0,0,3.3,0.6,35.6,100,3.2,0.6,0,0,0,8.1,1.5,86.6,100,0.3,38.5,10.7,5.7,0,24.5,0,20.2,100
84,JAM,Jamaica,2015,28.4,1.2,9.9,7.5,0,22.8,6.5,1.7,0,2.9,0,4.8,0.6,13.5,100,2.7,27.8,9.2,7.5,0,17.3,0,9,3.8,1.7,0,2.9,0,4.1,0.6,13.3,100,14.5,6.6,0,10.9,0,15.5,2.4,50.1,100,3.6,37.8,12.5,10.3,0,23.5,0,12.3,100
85,JPN,Japan,2015,8.4,0,4.8,1.8,0,39,6.5,1.9,0,0,0,11.5,0.5,25.4,100,0.7,6.6,3.9,1.8,0,15.2,0,5,5.9,1.9,0,0,0,11,0.5,47.5,100,8.8,2.9,0,0,0,16.5,0.7,71.1,100,2,20,11.9,5.4,0,45.9,0,14.9,100
86,JOR,Jordan,2015,28.4,1,8.2,4.6,0.3,22.7,8.9,2.6,0,0,0,8.8,0.6,13.9,100,2.4,24.3,7.1,4.6,0.3,14.3,0,6.4,6.5,2.6,0,0,0,8,0.6,22.7,100,16.1,6.5,0,0,0,19.8,1.5,56,100,4,40.9,12,7.7,0.6,24,0,10.8,100
87,KAZ,Kazakhstan,2015,17.3,0.9,12.3,5.6,0.1,19.4,13.1,5.8,0,0.1,0,8.3,0.7,16.2,100,2.4,15.7,10.3,5.6,0.1,12.3,0.1,3.2,10.7,5.7,0,0.1,0,7.9,0.7,25.3,100,21.3,11.3,0,0.3,0,15.7,1.3,50.1,100,4.9,31.5,20.7,11.3,0.2,24.8,0.2,6.5,100
88,KEN,Kenya,2015,13,1.9,15.3,7.2,0.4,9.1,14.1,7.3,5.1,5.6,0.3,6.9,1.6,12,100,3,11.2,14.3,7.2,0.4,6.3,0.2,2.8,11.1,7.2,5.1,5.6,0.3,6.4,1.6,17.4,100,20.3,13.1,9.3,10.2,0.6,11.6,3,31.9,100,6.7,24.6,31.6,15.8,0.9,13.8,0.3,6.2,100
89,KIR,Kiribati,2015,14.9,0,13,6,0.2,10.1,16.7,9.5,0,0,0,7.4,1.8,20.3,100,2.4,13.2,11,6,0.2,5,0.2,3.5,14.3,9.3,0,0,0,7.2,1.8,26,100,24.4,15.9,0,0,0,12.2,3.1,44.3,100,5.8,31.8,26.5,14.5,0.6,12,0.4,8.4,100
90,PRK,Korea DPR,2015,21.9,0.3,11.8,6.5,0.1,12.8,14.9,6.1,0,0,0,7.2,2,16.3,100,2.7,20.3,11.1,6.5,0.1,10.6,0.1,3.6,12.2,6,0,0,0,6.7,2,18.2,100,27.1,13.2,0,0.1,0,14.8,4.4,40.3,100,4.9,36.9,20.2,11.8,0.2,19.3,0.2,6.5,100
91,KOR,Korea Rep,2015,33,0,5.8,3.1,0,21.9,2.5,0.6,0,0,0,10.3,1.5,21.3,100,0.1,24.8,4.2,3.1,0,8.8,0,6,2.4,0.6,0,0,0,9.4,1.5,39,100,4.5,1.2,0,0,0,17.8,2.8,73.7,100,0.3,52.8,9,6.6,0,18.8,0,12.7,100
92,KWT,Kuwait,2015,27.9,0,2,0.4,0,37.7,9.3,0.4,0,0,0,6.8,1.3,14.2,100,0.3,17.4,1.2,0.4,0,16.4,0,1.4,9,0.4,0,0,0,6.5,1.3,45.7,100,14.3,0.7,0,0,0,10.3,2,72.7,100,0.8,46.9,3.2,1.2,0,44.1,0,3.8,100
93,KGZ,Kyrgyzstan,2015,17.9,0.7,13.6,6.7,0.1,18.1,14,5.1,0,0.7,0,8.3,1.4,13.4,100,2.9,16.2,12.2,6.7,0.1,12.5,0.1,3.8,11.1,5,0,0.7,0,6.3,1.4,21.1,100,24.3,11,0,1.5,0,13.8,3.1,46.3,100,5.3,29.8,22.4,12.3,0.2,22.9,0.2,7,100
94,LAO,Lao PDR,2015,13.8,1.7,14.3,7.9,0.6,6.8,17.3,11.2,0.4,0.4,0.2,8.3,1.4,15.7,100,3,11.7,13.2,7.9,0.6,4.3,0.4,3.8,14.2,10.7,0.4,0.3,0.2,7.5,1.4,20.3,100,25.8,19.5,0.7,0.6,0.4,13.6,2.5,36.8,100,6.8,26.1,29.3,17.6,1.4,9.5,1,8.4,100
95,LVA,Latvia,2015,14.7,0.3,29.2,6.8,0,25.8,4.1,0.2,0,0,0,7.2,0.7,11,100,2,12.9,27.2,6.8,0,13.6,0,1.1,2.1,0.2,0,0,0,6.8,0.7,26.5,100,5.8,0.7,0,0,0,18.8,2,72.7,100,3.1,20.3,42.8,10.7,0,21.4,0,1.7,100
96,LBN,Lebanon,2015,27.4,0.9,9.5,3.7,0,27,5.6,2.1,0,0.1,0.9,6,0.4,16.5,100,1.4,21.7,8,3.7,0,16,0,8,4.1,2.1,0,0.1,0.9,5.4,0.4,28.2,100,10,5.1,0,0.1,2.2,13.1,1,68.5,100,2.4,36.9,13.5,6.3,0,27.3,0,13.7,100
97,LSO,Lesotho,2015,14.5,1,11.7,5.4,0.5,6.1,17.2,9.7,0,10.4,0.4,5.8,1.8,15.4,100,2.4,12.4,10.7,5.4,0.5,2.7,0.2,2.4,14.8,9.5,0,10.3,0.4,5.5,1.8,21.1,100,23.3,15,0,16.3,0.6,8.6,2.9,33.3,100,6.5,33.7,29.2,14.8,1.3,7.4,0.6,6.5,100
98,LBR,Liberia,2015,11.6,1.4,10.7,7.6,0.2,5.9,16.5,8.9,12.5,1.2,0.7,6.1,3,13.7,100,2.1,9.8,9.7,7.6,0.2,3.1,0.1,2.1,14.4,8.8,12.5,1.2,0.7,5.8,3,18.9,100,22,13.5,19.1,1.9,1.1,8.9,4.6,29,100,6.1,28.1,27.9,22,0.5,8.9,0.4,6,100
99,LBY,Libya,2015,21.5,1.1,8.3,3.4,0,26.7,7.5,1.9,0,0,0,10.6,0.7,18.3,100,1.5,20.6,8,3.4,0,14.2,0,5.4,6,1.9,0,0,0,10.1,0.7,28.3,100,12.7,4,0,0,0,21.5,1.4,60.3,100,2.9,38.7,15.1,6.4,0,26.7,0,10.1,100
100,LTU,Lithuania,2015,16.5,0.3,7.5,7.9,0,31.8,5.8,0.2,0,0,0,11.8,3.5,14.6,100,2.1,14.6,6.7,7.9,0,15.7,0,2.3,3.7,0.2,0,0,0,10.6,3.5,32.5,100,7.3,0.4,0,0,0,21,7,64.3,100,4.2,29.5,13.6,16.1,0,31.9,0,4.7,100
101,LUX,Luxembourg,2015,25.1,0,4.8,1.6,0,19.6,0,0,0,0,0,9.5,2,37.4,100,0,25.1,4.8,1.6,0,7.6,0,7,0,0,0,0,0,7,2,44.9,100,0,0,0,0,0,13,3.7,83.3,100,0,54.4,10.5,3.5,0,16.5,0,15.2,100
102,MKD,Macedonia,2015,46.3,0,6.5,3.2,0,19,5.9,1.4,0,0,0,2.4,2.6,12.6,100,0.4,45.9,6.5,3.2,0,7.1,0,1.4,5.5,1.4,0,0,0,2.4,2.6,23.6,100,15.4,4,0,0,0,6.9,7.4,66.2,100,0.6,71.2,10.1,4.9,0,11,0,2.2,100
103,MDG,Madagascar,2015,12.8,1.9,12.7,6.9,0.3,7.7,17.3,9.1,4.5,0.7,0.3,8.4,2.1,15.3,100,2.7,10.5,11.9,6.9,0.3,5.2,0.2,2.6,14.6,8.9,4.5,0.7,0.3,8.1,2.1,20.4,100,24.5,15,7.5,1.1,0.5,13.6,3.6,34.3,100,6.8,26,29.6,17.1,0.7,12.9,0.6,6.4,100
104,MWI,Malawi,2015,13.2,1.3,10.3,6.4,0.2,7.2,13.5,7.6,6.9,7.6,1.1,6.8,1.6,16.4,100,2,11.3,8.8,6.4,0.2,3.4,0.1,2,11.5,7.5,6.9,7.5,1.1,6.4,1.6,23.2,100,17.5,11.4,10.5,11.5,1.6,9.8,2.4,35.3,100,6,33,25.8,18.6,0.5,9.9,0.3,6,100
105,MYS,Malaysia,2015,24,2.4,9,3.3,1.4,28.9,4.9,1.4,0.1,0.3,0,6.2,1.1,17.1,100,0.7,21,7.1,3.3,1.4,15.7,0,7.4,4.2,1.4,0.1,0.3,0,5.7,1.1,30.6,100,9.7,3.3,0.2,0.7,0,13.1,2.5,70.5,100,1.2,37,12.6,5.8,2.5,27.7,0,13.1,100
106,MDV,Maldives,2015,24.4,1.3,8.8,3.8,0.3,29.8,7.3,1.8,0,0.1,0,4.9,0.8,16.8,100,1.9,22.5,6.5,3.8,0.3,15.9,0,6,5.4,1.8,0,0.1,0,4.2,0.8,31,100,12.5,4.1,0,0.2,0,9.8,1.8,71.5,100,3.3,39.6,11.4,6.8,0.5,27.9,0,10.5,100
107,MLI,Mali,2015,11.1,0.8,10.5,7.3,0.5,3.8,13,9.4,23.5,1.4,0.6,4.6,2,11.4,100,2.3,9.5,9.6,7.3,0.5,1.8,0.2,2,10.8,9.2,23.5,1.3,0.6,4.3,2,15.1,100,16.1,13.8,35.2,2,0.8,6.4,3.1,22.6,100,6.8,28.8,29,22.1,1.5,5.3,0.7,5.9,100
108,MLT,Malta,2015,25.8,0,3,1,0,44.4,2.2,0,0,0,0,1.9,4.4,17.3,100,0,25.8,3,1,0,34.7,0,2.1,2.2,0,0,0,0,1.9,4.4,24.9,100,6.6,0,0,0,0,5.6,13.2,74.7,100,0,38.7,4.6,1.5,0,52,0,3.2,100
109,MHL,Marshall Islands,2015,19.3,0,11.3,6.5,0.2,11.9,16.6,7.2,0,0,0,7.3,1.7,18.1,100,2.6,17.2,10,6.5,0.2,6.9,0.2,3.4,14,7,0,0,0,7,1.7,23.5,100,26.3,13.1,0,0,0,13.2,3.1,44.2,100,5.6,36.6,21.2,13.7,0.3,14.8,0.5,7.2,100
110,MRT,Mauritania,2015,19.4,1.2,9.8,8.6,0.5,5.3,14.6,10.7,3.8,1.1,1.4,6.2,1.5,15.9,100,2.5,17.4,8.7,8.6,0.5,2.3,0.3,2.2,12.1,10.5,3.8,1.1,1.4,6,1.5,21.2,100,21,18.2,6.7,1.8,2.5,10.3,2.6,36.9,100,6,41,20.5,20.1,1.2,5.5,0.6,5.1,100
111,MUS,Mauritius,2015,26.6,0,5.4,6.6,0,25,10.8,2.3,0,0,0,4.7,0.6,17.8,100,3.2,25.4,5.4,6.6,0,15,0,6.4,7.7,2.3,0,0,0,3.6,0.6,23.8,100,20.2,6.2,0,0,0,9.6,1.6,62.5,100,5.1,40.9,8.7,10.7,0,24.2,0,10.3,100
112,MEX,Mexico,2015,20.1,0.2,7.4,8,0,25.4,11.1,2.9,0,0.2,0,7.6,0.8,16.3,100,2.6,18.4,6.9,8,0,13.5,0,3.6,8.4,2.9,0,0.1,0,7.2,0.8,27.4,100,17.9,6.3,0,0.3,0,15.4,1.7,58.4,100,5,34.7,13,15.2,0,25.4,0,6.7,100
113,MDA,Moldova,2015,18.9,0,9.6,7.5,0,31.5,15.7,0.6,0,0.1,0,6.7,1.2,8.2,100,9.7,18.8,9.6,7.5,0,25.1,0,4,6,0.6,0,0.1,0,5.9,1.2,11.5,100,23.7,2.2,0,0.3,0,23.4,4.9,45.5,100,13,25.2,12.8,10,0,33.6,0,5.4,100
114,MCO,Monaco,2015,21.8,0,7.3,2.7,0,31.8,1.7,0,0,0,0,10,0.9,23.8,100,0.2,19,5.8,2.7,0,17.1,0,5.2,1.5,0,0,0,0,9.7,0.9,37.8,100,3,0.1,0,0,0,19.5,1.7,75.7,100,0.3,38.1,11.7,5.3,0,34.2,0,10.3,100
115,MNG,Mongolia,2015,17.9,0.7,12.6,6,0.1,16.7,14.9,6.2,0,0,0,7.9,1.1,15.8,100,2.5,16.3,10.7,6,0.1,10.7,0.1,3.4,12.4,6.1,0,0,0,7,1.1,23.4,100,24.8,12.2,0,0,0,14,2.3,46.7,100,5.1,32.7,21.5,12.1,0.2,21.5,0.2,6.8,100
116,MNE,Montenegro,2015,30.6,0,36.2,2.2,0,7.5,3.9,0,0,0,0,2,1.1,16.4,100,1.7,23.2,31,2.2,0,4.9,0,0.6,2.2,0,0,0,0,2,1.1,31.1,100,5.9,0,0,0,0,5.4,3.1,85.6,100,2.7,36.4,48.7,3.5,0,7.8,0,0.9,100
117,MAR,Morocco,2015,23.2,0.6,14.4,10.7,0.2,13.4,11.4,4.6,0,0.1,0,6.6,0.6,14.1,100,3.3,21.6,13.5,10.7,0.2,10.3,0.3,4.3,8.1,4.3,0,0.1,0,5.9,0.6,16.7,100,22.6,12.1,0,0.3,0,16.5,1.7,46.8,100,5.1,33.6,21,16.7,0.4,16,0.4,6.7,100
118,MOZ,Mozambique,2015,12.2,1.1,10.8,7.3,0.3,5.5,14.3,8.9,13.1,5,0.3,5.8,1.8,13.6,100,2.2,10.6,9.6,7.3,0.3,2.7,0.2,2.1,12,8.7,13.1,5,0.3,5.5,1.8,18.5,100,18.5,13.4,20.2,7.7,0.5,8.5,2.8,28.5,100,6.4,30.3,27.5,20.9,0.7,7.6,0.5,6,100
119,MMR,Myanmar,2015,19.8,0.4,14.2,7,0.4,8,16.2,7.1,1.1,0.6,1.9,6.8,1.9,14.6,100,2.9,18.7,13.1,7,0.4,6.1,0.3,3.9,13.3,6.8,1.1,0.5,1.9,5.7,1.9,16.2,100,28,14.3,2.4,1.2,4,12,4.1,34.1,100,5.6,35.6,24.9,13.4,0.8,11.7,0.6,7.5,100
120,NAM,Namibia,2015,16,2,9.3,5,0.1,8.1,18.6,9,0.3,4.7,0.4,7.9,1.6,17,100,2,13.7,8.2,5,0.1,4.6,0.2,2,16.6,8.8,0.3,4.7,0.4,7.6,1.6,24.1,100,25.9,13.8,0.5,7.3,0.7,11.9,2.4,37.6,100,5.6,38.2,22.9,14,0.4,12.9,0.4,5.5,100
121,NRU,Nauru,2015,22,0,14.2,8,0.3,12.5,14,6.2,0,0,0,6,1.1,15.6,100,3.3,20.6,13.4,8,0.3,10.1,0.2,4.2,10.8,6,0,0,0,5.4,1.1,16.6,100,26.9,15,0,0,0,13.6,2.9,41.6,100,5.4,34.3,22.3,13.4,0.4,16.8,0.3,7.1,100
122,NPL,Nepal,2015,20,2.6,15.3,11.3,0.4,9.8,14.8,5.9,0,0.3,1,6.2,1.6,10.7,100,3.5,18.9,14.4,11.3,0.4,8.3,0.4,4.4,11.3,5.5,0,0.3,1,5.7,1.6,12.9,100,29.5,14.2,0,0.8,2.6,14.9,4.2,33.7,100,5.6,30.8,23.4,18.4,0.7,13.4,0.7,7.1,100
123,NLD,Netherlands,2015,23.5,0.1,10,5.6,0,30.5,1.9,0.4,0,0,0,4.2,1,22.8,100,0.2,19.6,9.4,5.6,0,20.7,0,7.8,1.7,0.4,0,0,0,4,1,29.5,100,4.7,1.2,0,0,0,10.9,2.6,80.6,100,0.3,31,14.8,8.8,0,32.7,0,12.4,100
124,NZL,New Zealand,2015,25.4,0,7.6,3,0,25.7,6.4,0.8,0,0,0,14.7,1.8,14.6,100,2.6,21.7,6.8,3,0,15.3,0,4.5,3.8,0.8,0,0,0,13.5,1.8,26.3,100,8.3,1.8,0,0,0,29.2,3.8,56.9,100,4.8,40.3,12.6,5.6,0,28.4,0,8.3,100
125,NIC,Nicaragua,2015,17.8,0.8,7.7,3.9,0.8,20.4,16.2,8.1,0,0.3,0,5.5,1.5,17.1,100,2.5,16.4,6.8,3.9,0.8,9.2,0,4.4,13.7,8.1,0,0.3,0,5.1,1.5,27.5,100,24.4,14.5,0,0.5,0,9.1,2.6,49,100,5.7,37.3,15.5,8.9,1.8,20.9,0,9.9,100
126,NER,Niger,2015,10.7,1,9.2,5.9,0.3,4,20.8,11.2,10.5,0.5,0.2,6.7,4.9,14.1,100,2.1,8.7,8.2,5.9,0.3,1.8,0.2,1.8,18.7,11.1,10.5,0.5,0.2,6.4,4.9,18.8,100,26.3,15.6,14.8,0.7,0.2,9,7,26.4,100,7.2,30.1,28.2,20.5,0.9,6.2,0.5,6.4,100
127,NGA,Nigeria,2015,11.7,1.2,10.9,5.2,0.8,4.5,17.8,10.3,13.6,3.5,1.2,5.1,2.5,11.8,100,2.3,10,9.9,5.2,0.8,1.9,0.3,1.7,15.5,10,13.6,3.4,1.2,4.7,2.5,17,100,22.8,14.7,20.1,5,1.8,6.9,3.7,25,100,7.2,31.1,30.9,16.2,2.5,6,0.8,5.3,100
128,NIU,Niue,2015,3.4,0,1.8,0,0,20.5,15.8,2.3,0,0,0,23.3,3.4,29.5,100,0,0,0,0,0,0,0,0,15.8,2.3,0,0,0,23.3,3.4,55.3,100,15.8,2.3,0,0,0,23.3,3.4,55.3,100,0,0,0,0,0,0,0,0,100
129,NOR,Norway,2015,18.5,0,10.2,1.9,0,31.7,2,0.2,0,0,0,3.4,1.2,30.8,100,0.2,15.1,8.2,1.9,0,18.5,0,13,1.8,0.2,0,0,0,3.2,1.2,36.7,100,4.1,0.5,0,0,0,7.5,2.8,85.1,100,0.3,26.5,14.5,3.4,0,32.4,0,22.8,100
130,OMN,Oman,2015,22,1.6,8,2.5,0,27.2,6.5,1.3,0,0.2,0,8.9,0.7,21.1,100,0.3,16.9,6.8,2.5,0,12.2,0,6.5,6.2,1.3,0,0.2,0,8.6,0.7,37.9,100,11.2,2.4,0,0.4,0,15.7,1.2,69.1,100,0.7,37.5,15,5.5,0,27,0,14.3,100
131,PAK,Pakistan,2015,23.6,1.2,12.9,9.8,1.5,5.1,14.8,9.1,0.1,0.1,0.7,6.7,1.2,13.3,100,3.3,22.3,11.9,9.8,1.5,3.2,0.7,4.1,11.5,8.5,0.1,0.1,0.7,5.1,1.2,16.2,100,26.5,19.6,0.1,0.1,1.6,11.9,2.8,37.3,100,5.9,39.3,20.9,17.2,2.6,5.7,1.2,7.2,100
132,PLW,Palau,2015,26.4,0,8,5.9,0,23,7.5,1.2,0,0,0,13.5,1.4,13.1,100,2,25.1,7.1,5.9,0,15.2,0,4.7,5.5,1.2,0,0,0,12.8,1.4,19.1,100,13.7,3,0,0,0,32,3.5,47.7,100,3.4,41.9,11.9,9.8,0,25.3,0,7.8,100
133,PAN,Panama,2015,18.5,0.1,8.2,8,0,25.8,13.3,5.2,0,0.2,0,3.7,1.2,15.8,100,2.9,18.4,8,8,0,14.9,0,4.3,10.5,5.2,0,0.2,0,3,1.2,23.5,100,24,12,0,0.4,0,6.9,2.8,53.9,100,5.1,32.7,14.1,14.2,0,26.3,0,7.6,100
134,PNG,Papua New Guinea,2015,14.9,1.5,12.7,6.5,0.5,7.1,16.2,6.8,11.8,1.1,0.5,5.8,2.1,12.4,100,2.6,13.4,11.7,6.5,0.5,4.6,0.3,3.2,13.5,6.5,11.8,1.1,0.5,5.3,2.1,16.2,100,23.7,11.4,20.7,1.9,0.9,9.4,3.6,28.4,100,6.1,31.3,27.4,15.2,1.1,10.8,0.6,7.5,100
135,PRY,Paraguay,2015,23.2,5.3,7.9,5.8,0.3,20.8,11,6,0,0.8,0,6,1.2,11.5,100,2.1,21.4,6.9,5.8,0.3,11.8,0,4.6,8.9,6,0,0.8,0,5.4,1.2,24.7,100,18.8,12.8,0,1.8,0,11.5,2.6,52.5,100,4,40.5,13,11,0.7,22.2,0,8.6,100
136,PER,Peru,2015,19.6,1,7.4,4.5,0.4,23.1,10.3,4.9,0,0.5,0,9.2,1.5,17.8,100,2,18.9,6.5,4.5,0.4,11.8,0,4.6,8.3,4.9,0,0.5,0,8.7,1.5,27.5,100,16.1,9.6,0,0.9,0,16.9,2.9,53.7,100,4.1,38.8,13.3,9.2,0.9,24.2,0,9.5,100
137,PHL,Philippines,2015,16.8,4,11.3,5.9,0.2,10.5,18.6,7.7,0,0,0.3,8.8,1.7,14.1,100,2.4,14.7,10.4,5.9,0.2,7.7,0.2,3.5,16.2,7.5,0,0,0.3,8.3,1.7,20.9,100,29.5,13.6,0,0.1,0.6,15,3.1,38.1,100,5.4,32.7,23.1,13,0.4,17.2,0.6,7.7,100
138,POL,Poland,2015,34,0,5.5,2.6,0,37.2,4.4,0.1,0,0,0,4.9,0.8,10.5,100,0.7,28.9,4.8,2.6,0,19.1,0,2.6,3.7,0.1,0,0,0,4.5,0.8,32.2,100,9,0.3,0,0.1,0,10.9,2,77.7,100,1.2,49.3,8.2,4.4,0,32.6,0,4.4,100
139,PRT,Portugal,2015,21.2,0.4,7.3,3.2,0,31.2,2.1,0,0,0,0,7.4,0.9,26.2,100,0.7,19.8,6.4,3.2,0,17.7,0,7.1,1.4,0,0,0,0,6.9,0.9,35.9,100,3.1,0,0,0,0,15.2,2.1,79.6,100,1.3,36.1,11.6,5.8,0,32.2,0,13,100
140,QAT,Qatar,2015,26.9,1.1,7.8,2.2,0,27.7,4,0.5,0,0.2,0,10.3,0.5,19,100,0.3,19.9,6,2.2,0,14.4,0,5.5,3.7,0.5,0,0.2,0,10,0.5,36.8,100,7.2,0.9,0,0.4,0,19.3,1.1,71.1,100,0.5,41.2,12.4,4.5,0,29.9,0,11.5,100
141,ROU,Romania,2015,24,0,4.2,0.7,0,24.2,28,0.9,0,0.1,0,7.1,1.3,9.5,100,6.8,23.9,4.2,0.7,0,15.7,0,4.2,21.1,0.9,0,0.1,0,6.3,1.2,14.8,100,47.6,2,0,0.2,0.1,14.2,2.7,33.4,100,12.3,43,7.5,1.3,0,28.3,0,7.6,100
142,RUS,Russian Federation,2015,24.1,0.8,7.4,3.3,0,29.1,7,0.8,0,1,0,8,1.4,17.1,100,1.1,22.2,6.3,3.3,0,15.4,0,4.3,5.9,0.8,0,1,0,7.5,1.4,30.9,100,12.3,1.7,0,2.1,0,15.7,3,65.2,100,2.1,42.3,12,6.3,0,29.3,0,8.1,100
143,RWA,Rwanda,2015,14.6,2.2,13.4,8,0.2,10.7,13.6,7.3,3.9,0.8,0.2,8.3,1.1,15.7,100,2.6,12.3,12.1,8,0.2,6.5,0.1,2.5,11,7.2,3.9,0.8,0.2,7.8,1.1,23.7,100,19.8,12.9,6.9,1.5,0.4,14,2,42.5,100,5.8,27.8,27.2,18.1,0.5,14.7,0.2,5.7,100
144,KNA,Saint Kitts & Nevis,2015,18.5,0,35.1,6,0,11.5,0,3.3,0,0,0,6.7,3.3,15.6,100,0,13,35.1,6,0,6,0,0,0,3.3,0,0,0,6.7,3.3,26.7,100,0,8.3,0,0,0,16.6,8.3,66.7,100,0,21.6,58.5,9.9,0,9.9,0,0,100
145,LCA,Saint Lucia,2015,32.7,0,12.1,9.9,0,15.7,5.6,0,0,0,0,4.2,1.1,18.7,100,2,29.7,12.1,9.9,0,6.7,0,4.7,3.6,0,0,0,0,4.2,1.1,26,100,10.4,0,0,0,0,12.1,3.3,74.2,100,3,45.6,18.7,15.2,0,10.2,0,7.2,100
146,WSM,Samoa,2015,24.1,1.1,7.7,5.7,0,24,9.7,3.1,0,0,0,7,1.3,16.4,100,2.7,22,6.3,5.7,0,13,0,4,7,3.1,0,0,0,6.4,1.3,28.5,100,15.2,6.7,0,0,0,13.8,2.8,61.5,100,5,41,11.8,10.5,0,24.2,0,7.4,100
147,SMR,San Marino,2015,3.7,0,4.5,0,0,33.6,3.6,0.3,0,0,0,17.1,1.6,35.7,100,0,0,0,0,0,0,0,0,3.6,0.3,0,0,0,17.1,1.6,77.4,100,3.6,0.3,0,0,0,17.1,1.6,77.4,100,0,0,0,0,0,0,0,0,100
148,STP,Sao Tome & Principe,2015,13.3,0.3,10.4,6.5,0.1,8.4,11.7,7.7,16.8,0.3,1.5,6.5,0.8,15.6,100,2.2,11.5,9.4,6.5,0.1,4.9,0.1,2.1,9.5,7.6,16.8,0.3,1.5,6.2,0.8,20.6,100,15.1,12,26.5,0.5,2.3,9.8,1.3,32.5,100,6,31.2,25.5,17.8,0.3,13.4,0.2,5.6,100
149,SAU,Saudi Arabia,2015,25.9,1.1,8.5,3.6,0,24.9,5.5,1.1,0,0,0,10,0.7,18.9,100,0.7,22,7.5,3.6,0,14.2,0,6.1,4.8,1.1,0,0,0,9.6,0.7,29.8,100,10.4,2.4,0,0,0,20.9,1.4,64.8,100,1.2,40.7,13.9,6.7,0,26.3,0,11.2,100
150,SEN,Senegal,2015,14.3,1.7,12.5,9.8,0.2,8.4,14.7,8.9,3.9,0.6,0.6,7.6,1.6,15,100,2.7,12.2,11.4,9.8,0.2,5.3,0.2,2.7,12,8.7,3.9,0.6,0.6,7.4,1.6,20.5,100,21.7,15.7,7.1,1.1,1.1,13.3,2.9,37,100,6,27.4,25.7,22,0.4,11.9,0.5,6.1,100
151,SRB,Serbia,2015,41.9,0,12.5,1.4,0,20.2,4.8,0,0,0,0,4.1,0.7,14.5,100,1.3,37.5,9.7,1.4,0,9.9,0,3.2,3.6,0,0,0,0,3.6,0.7,29.3,100,9.6,0,0,0,0,9.6,1.8,79,100,2,59.6,15.4,2.2,0,15.8,0,5,100
152,SYC,Seychelles,2015,21.1,0,7.1,9.6,0,21.6,5.2,1,0,0,0,8.2,0.9,25.3,100,0.5,19.5,6.4,9.6,0,12.6,0,12.3,4.7,1,0,0,0,7.9,0.9,24.7,100,12,2.5,0,0,0,20.1,2.3,63,100,0.8,32,10.6,15.8,0,20.7,0,20.2,100
153,SLE,Sierra Leone,2015,10.7,0.7,9.2,6.3,0.3,4.3,14,10.5,19.8,0.4,2.1,5.1,1.4,15.1,100,1.8,8.6,8.3,6.3,0.3,1.5,0.2,1.7,12.2,10.4,19.8,0.4,2.1,4.9,1.4,20,100,17.2,14.5,27.7,0.6,2.9,6.9,2,28.1,100,6.3,30,28.9,22,1.1,5.3,0.6,5.8,100
154,SGP,Singapore,2015,16.6,0,3.8,1.8,0,29.6,13.6,0.5,0,0,0,5.5,0.5,27.9,100,1.3,13.3,2.9,1.8,0,12.4,0,4.7,12.3,0.5,0,0,0,5.5,0.5,44.6,100,19.4,0.8,0,0,0,8.7,0.8,70.3,100,3.6,36.4,8,5,0,34,0,13,100
155,SVK,Slovakia,2015,31.3,0.1,5.1,1,0,32.8,8.7,0.3,0,0,0,3.2,1,16.5,100,1.6,26.9,4.2,1,0,19.2,0,3.7,7.1,0.3,0,0,0,2.7,1,32.2,100,16.4,0.8,0,0,0,6.2,2.3,74.4,100,2.9,47.5,7.5,1.8,0,33.8,0,6.6,100
156,SVN,Slovenia,2015,38,0,6.9,6.3,0,20.5,2.4,0.7,0,0,0,6.3,0,19,100,0.5,29.6,5.4,6.3,0,10.2,0,2.4,1.9,0.7,0,0,0,6.3,0,36.8,100,4.1,1.4,0,0,0,13.8,0,80.7,100,0.9,54.4,10,11.6,0,18.7,0,4.4,100
157,SLB,Solomon Islands,2015,14.3,3.6,12,6.3,0.2,11.9,18.1,7.2,0.9,0,0,8.4,2.4,14.9,100,2.3,12.3,10.6,6.3,0.2,8,0.2,3.3,15.7,7,0.9,0,0,8.1,2.4,22.6,100,27.7,12.4,1.6,0,0,14.3,4.3,39.7,100,5.4,28.5,24.6,14.5,0.4,18.5,0.4,7.7,100
158,SOM,Somalia,2015,8.2,1,12.5,3.4,1.9,4.5,24.2,14.5,1.1,0.5,5,5.8,4.8,12.6,100,2.7,6.2,11.3,3.4,1.9,1.9,0.3,1.6,21.6,14.2,1.1,0.5,5,5.5,4.8,18.1,100,30.5,20,1.6,0.8,7.1,7.8,6.7,25.5,100,9.1,21.1,38.6,11.7,6.5,6.4,1,5.6,100
159,ZAF,South Africa,2015,12.2,0.4,7.1,3.8,0,8.6,16.9,8.7,0.1,8.7,1.2,9,1.3,22,100,1.6,9.3,5.7,3.8,0,2.5,0,3.7,15.3,8.7,0.1,8.5,1.2,8.6,1.2,29.9,100,20.9,11.8,0.1,11.5,1.7,11.6,1.7,40.7,100,6,35,21.4,14.5,0,9.2,0,13.9,100
160,SSD,South Sudan,2015,11.7,1.1,16.3,4.9,2.7,5.4,20.4,8.2,7.2,3.7,0.7,4.8,3.6,9.3,100,3.7,10.2,15.4,4.9,2.7,3.5,0.4,2.2,16.7,7.8,7.2,3.7,0.7,4.5,3.6,12.6,100,29.3,13.8,12.6,6.5,1.3,8,6.3,22.2,100,8.7,23.7,35.8,11.4,6.3,8.2,0.9,5.2,100
161,ESP,Spain,2015,23.9,0.3,10,6.5,0,28.1,1.5,0.2,0,0,0,3.7,1.2,24.7,100,0.4,21.2,9.1,6.5,0,17.5,0,11.6,1.1,0.2,0,0,0,3.6,1.2,27.6,100,3.2,0.4,0.1,0.1,0,10.6,3.6,82.1,100,0.6,32,13.7,9.8,0,26.4,0,17.5,100
162,LKA,Sri Lanka,2015,21.6,1,8.1,2.1,0.8,28,6.2,2,0,0.2,0,6.4,0.9,22.6,100,1.7,19.7,6.8,2.1,0.8,14,0,9.2,4.5,2,0,0.2,0,5.8,0.9,32.1,100,9.9,4.5,0,0.5,0,12.8,1.9,70.5,100,3.2,36.3,12.5,3.8,1.5,25.8,0,16.9,100
163,VCT,St Vincent & the Grenadines,2015,37.6,0,11,9.4,0,17.3,5.2,0,0,0,0,4.5,0,15,100,0.7,34.5,11,9.4,0,5.7,0,2,4.5,0,0,0,0,4.5,0,27.7,100,12.3,0,0,0,0,12.1,0,75.5,100,1.1,54.4,17.4,14.8,0,9,0,3.2,100
164,SDN,Sudan,2015,13.6,1.4,13.5,8.6,0.6,6.8,17.4,10.7,1.1,0.4,1.2,8.6,1.8,14.4,100,3.7,11.4,12.1,8.6,0.6,3.7,0.4,2.7,13.7,10.3,1.1,0.4,1.2,8.2,1.8,20.1,100,24.1,18.1,2,0.7,2.2,14.4,3.2,35.3,100,8.5,26.3,28.1,19.9,1.3,8.7,0.8,6.2,100
165,SUR,Suriname,2015,24.1,0,11,9,0,18.2,7.7,1.3,0,2,0,9.3,2,15.4,100,0.6,22.6,9.2,9,0,9.1,0,3.1,7.1,1.3,0,2,0,9,2,25,100,15.3,2.8,0,4.2,0,19.5,4.2,54,100,1.1,42.1,17.2,16.9,0,17,0,5.8,100
166,SWZ,Swaziland,2015,11.1,1.4,7.8,3.5,0.1,9.6,15.9,10.4,0,11.7,0,8.2,1.2,19.2,100,1.4,7.9,6.3,3.5,0.1,2.6,0.1,1.5,14.5,10.3,0,11.6,0,8,1.2,31.1,100,19,13.4,0,15.1,0,10.4,1.5,40.6,100,6,33.6,26.9,15.2,0.4,11.2,0.3,6.5,100
167,SWE,Sweden,2015,16.5,0,11.7,3.2,0,28.2,4,0.4,0,0.1,0,3.3,0.4,32.2,100,1.1,12.2,10.4,3.2,0,15.6,0,10.3,3,0.4,0,0.1,0,3.2,0.4,40.2,100,6.3,0.9,0,0.2,0,6.7,0.8,85,100,2,23.2,19.7,6,0,29.6,0,19.5,100
168,CHE,Switzerland,2015,29.1,0.1,8.9,3.3,0,35.1,1.2,0.3,0,0,0,4.1,0.3,17.7,100,0.3,26.6,8.2,3.3,0,23.1,0,7.7,0.8,0.3,0,0,0,3.6,0.3,25.8,100,2.7,1,0,0,0,11.7,0.9,83.7,100,0.5,38.4,11.8,4.8,0,33.3,0,11.2,100
169,SYR,Syria,2015,18.6,1.7,8.2,2.9,0.6,19.3,7.1,14.4,0,0,2,12,0.3,12.9,100,2.2,17.5,7.4,2.9,0.6,12.5,0,5.8,4.9,14.4,0,0,2,11.5,0.3,17.9,100,9.5,28.3,0,0,3.9,22.5,0.6,35.1,100,4.5,35.8,15.1,5.9,1.2,25.6,0,11.9,100
170,TJK,Tajikistan,2015,16,0.4,13.2,6.6,0.2,10.2,17.4,7.8,0,0.4,0,7.8,2,18.1,100,2.8,14.5,11.7,6.6,0.2,6.9,0.2,3.6,14.5,7.6,0,0.3,0,6.9,2,22.1,100,27.2,14.2,0,0.7,0,12.9,3.7,41.3,100,6.1,31.1,25.2,14.2,0.5,14.8,0.4,7.8,100
171,TZA,Tanzania,2015,11.7,1.8,13.1,7.7,0.2,9,14.6,8.1,5.1,2.9,0.4,8.3,1.2,15.9,100,2.4,9.7,11.5,7.7,0.2,5.2,0.1,2.4,12.1,8,5.1,2.8,0.4,8,1.2,23,100,20,13.2,8.4,4.6,0.7,13.2,2,37.8,100,6.2,24.7,29.3,19.7,0.5,13.2,0.3,6.2,100
172,THA,Thailand,2015,24.2,0.6,7.3,3.3,0.5,27.2,9.2,2.8,0.1,0.9,0.4,6.4,0.9,16.3,100,2.2,22.2,6.6,3.3,0.5,14.6,0,4.5,7,2.8,0.1,0.9,0.4,5.8,0.9,28.2,100,15.2,6.2,0.1,1.9,0.8,12.7,1.9,61.3,100,4.1,41.2,12.3,6.1,0.9,27.1,0,8.3,100
173,TLS,Timor Leste,2015,10.9,2.3,14.4,8.4,0.4,7.4,20.8,9.6,1.6,0.2,0,8.3,1.9,14,100,3,9.1,13.4,8.4,0.3,5.5,0.2,4,17.8,9.3,1.6,0.2,0,7.6,1.9,17.6,100,31.8,16.6,2.8,0.3,0,13.6,3.5,31.3,100,6.8,20.7,30.5,19,0.7,12.6,0.5,9.1,100
174,TGO,Togo,2015,11.5,1.2,11.3,6.7,0.4,5.5,15.2,8.4,17.9,1.3,0.4,5.6,2.3,12.5,100,2.3,9.8,10.3,6.7,0.4,2.8,0.2,1.9,12.9,8.2,17.9,1.2,0.4,5.4,2.3,17.4,100,19.6,12.5,27.2,1.9,0.7,8.2,3.4,26.5,100,6.6,28.6,30,19.5,1,8.2,0.4,5.6,100
175,TON,Tonga,2015,19.3,0,6.2,4.3,0,24.6,10.9,3.4,0,0,0,10.2,1.7,19.5,100,2,16.4,4.7,4.3,0,9.8,0,2.4,8.9,3.4,0,0,0,9.7,1.7,36.8,100,14.6,5.6,0,0,0,16.1,2.8,60.8,100,5.1,41.4,11.8,10.8,0,24.9,0,6,100
176,TTO,Trinidad & Tobago,2015,24.1,0,9.3,3.4,0,22.6,7.7,0.4,0,1.6,0,7.1,0.8,23.1,100,4.2,24.1,9.3,3.4,0,12.7,0,10.7,3.5,0.4,0,1.5,0,6.5,0.7,23.1,100,9.7,1.1,0,4.3,0,18.1,1.9,64.9,100,6.5,37.5,14.4,5.2,0,19.8,0,16.6,100
177,TUN,Tunisia,2015,25.7,0.6,11.3,2.7,0.7,25.1,8,2.4,0,0.1,0,4.7,0.5,18.1,100,2.2,20.3,9.7,2.7,0.7,15,0,8.4,5.8,2.4,0,0.1,0,4.2,0.5,28,100,14.1,5.9,0,0.2,0,10.1,1.2,68.4,100,3.8,34.4,16.4,4.7,1.2,25.4,0,14.2,100
178,TUR,Turkey,2015,26.1,0,5.2,3.5,0,32.4,3.8,0.8,0,0,0,4.3,0.6,23.3,100,0.8,22.9,4.1,3.5,0,15.6,0,5.9,3.1,0.8,0,0,0,4.2,0.6,38.6,100,6.5,1.8,0,0,0,8.8,1.2,81.7,100,1.5,43.5,7.7,6.6,0,29.5,0,11.2,100
179,TKM,Turkmenistan,2015,17.8,0.3,12.5,5.6,0.2,12.1,16.7,8.2,0,0,0,7.2,1.2,18.1,100,2.4,16,10.4,5.6,0.2,5.9,0.2,3.2,14.3,8.1,0,0,0,6.5,1.2,25.9,100,25.5,14.4,0,0,0,11.6,2.2,46.3,100,5.6,36.5,23.7,12.7,0.5,13.5,0.4,7.2,100
180,TUV,Tuvalu,2015,29.2,0,11.1,5.9,0,18.4,12.2,3.3,0,0,0,6.2,1.1,12.6,100,4,27.9,10.4,5.9,0,13,0,5.4,8.2,3.3,0,0,0,5.3,1.1,15.3,100,24.6,10,0,0,0,16,3.3,46,100,6,41.9,15.6,8.9,0,19.5,0,8.1,100
181,UGA,Uganda,2015,11.5,1.8,11.3,6.3,0.2,7.4,16,8.2,7.5,5.7,0.1,7.1,2.7,14.1,100,2.2,9.7,10,6.3,0.2,4.1,0.1,2.2,13.8,8.1,7.5,5.7,0.1,6.8,2.7,20.5,100,21.2,12.4,11.5,8.7,0.2,10.4,4.1,31.5,100,6.3,27.9,28.6,18.2,0.5,11.7,0.4,6.4,100
182,UKR,Ukraine,2015,26.7,1.1,8.2,3.1,0,29.2,8.3,1.7,0,1.8,0.5,6,1.2,12.3,100,3.1,24.6,7,3.1,0,17.3,0,4.5,5.2,1.7,0,1.8,0.5,5.1,1.2,25,100,12.8,4.2,0,4.4,1.3,12.6,2.8,61.8,100,5.2,41.3,11.7,5.1,0,29.1,0,7.6,100
183,ARE,United Arab Emirates,2015,27.8,1.8,9,2.2,0,29.4,3.8,0.8,0,0,0,7.8,0.5,17.1,100,0.3,20.7,6.8,2.2,0,15.8,0,5.6,3.6,0.8,0,0,0,7.4,0.5,36.5,100,7.3,1.6,0,0,0,15.2,1,75,100,0.5,40.4,13.2,4.2,0,30.7,0,11,100
184,GBR,United Kingdom,2015,35.8,0.2,5.9,1,0,26.8,3.8,0.4,0,0,0,3.6,1.4,21,100,0.7,30.9,5.2,1,0,16.3,0,2.3,3.1,0.4,0,0,0,3.4,1.3,35.5,100,7.1,0.9,0,0,0,7.7,3,81.2,100,1.2,54.9,9.2,1.7,0,28.9,0,4.1,100
185,USA,United States of America,2015,26.8,0.1,4.5,2.3,0,24.8,2.7,1.5,0,0,0,12.5,0.5,24.3,100,0.3,25,4.1,2.3,0,13.9,0,9.3,2.5,1.5,0,0,0,12,0.4,28.6,100,5.4,3.4,0,0,0,26.6,1,63.6,100,0.5,45.5,7.5,4.2,0,25.3,0,16.9,100
186,URY,Uruguay,2015,18.1,1,6.9,6.7,0,34.1,6.3,1.4,0,0,0,7.3,1.3,16.8,100,0.5,16.1,6.8,6.7,0,16.5,0,3.8,5.8,1.4,0,0,0,6.9,1.3,34.1,100,11.7,2.9,0,0,0,14,2.6,68.9,100,1.1,31.8,13.5,13.3,0,32.7,0,7.6,100
187,UZB,Uzbekistan,2015,20.1,0.4,13.6,6.5,0.2,14.1,14.9,5.9,0,0.1,0,7.4,1.3,15.4,100,2.8,18.6,11.8,6.5,0.2,8.4,0.1,3.6,12.1,5.8,0,0.1,0,6,1.3,22.7,100,25.3,12,0,0.2,0,12.5,2.7,47.3,100,5.4,35.6,22.6,12.5,0.4,16.2,0.3,7,100
188,VUT,Vanuatu,2015,17.9,3.3,7.5,3.4,0.8,15.8,13.9,14,0.9,0,0.8,6.1,1.4,14.3,100,3,16.8,6.8,3.4,0.8,7.9,0,3.1,10.9,14,0.9,0,0.8,5.6,1.4,24.7,100,18.7,24,1.5,0,1.4,9.6,2.4,42.5,100,7.2,40.2,16.2,8.1,1.9,18.8,0,7.4,100
189,VEN,Venezuela,2015,24.6,0.3,8.7,9.9,0,20,10.8,5.1,0.4,0.3,0,8.4,1.3,10.1,100,4.2,23.7,8.4,9.9,0,10.2,0,3.3,6.6,5.1,0.4,0.3,0,8,1.2,18.7,100,16.4,12.5,1.1,0.7,0,20,3,46.3,100,7,39.7,14,16.6,0,17.2,0,5.5,100
190,VNM,Vietnam,2015,23.2,0.4,7.8,4,0.3,21.9,14.1,6.6,0,0.4,0.7,4.3,1.4,15,100,4.4,21.2,7.1,4,0.3,11.6,0,3.7,9.6,6.6,0,0.4,0.7,3.5,1.4,25.3,100,20.2,13.9,0.1,0.8,1.5,7.5,2.8,53.1,100,8.5,40.5,13.5,7.6,0.6,22.2,0,7.1,100
191,YEM,Yemen,2015,18.5,2.1,13.6,8.5,0.6,8.5,15.6,7.5,0.7,0.1,0.4,8.4,1.1,14.3,100,3.6,16.4,13,8.5,0.6,6.5,0.5,4,12.1,7,0.7,0.1,0.4,7.8,1.1,17.7,100,25.7,14.9,1.4,0.2,0.8,16.7,2.4,37.8,100,6.8,30.9,24.5,16.1,1.2,12.3,0.9,7.5,100
192,ZMB,Zambia,2015,10.8,1.4,12,6.1,0.2,7.1,15.4,8.9,7.2,6.4,0.3,7.3,1.4,15.3,100,2.2,9.2,10.2,6.1,0.2,3.5,0.1,2.2,13.2,8.8,7.2,6.4,0.3,7,1.4,21.9,100,20,13.3,11,9.6,0.5,10.5,2.1,33.1,100,6.5,27.2,30.2,18.2,0.6,10.4,0.4,6.5,100
193,ZWE,Zimbabwe,2015,14.3,0.2,10.8,4.7,0.3,7.7,14.7,9.7,2.3,8.9,0.4,7.2,1.4,17.5,100,2.3,11.6,9.6,4.7,0.3,3.1,0.2,1.8,12.4,9.5,2.3,8.8,0.4,6.9,1.4,24.6,100,18.7,14.3,3.4,13.3,0.6,10.4,2.1,37.1,100,6.7,34.5,28.5,14,1,9.3,0.5,5.4,100
194,AFG,Afghanistan,2000,11.7,1.2,9.7,4,2.7,3.3,22,17.3,0.2,0,8.3,4.8,4.4,10.6,100,2.4,9.8,9.2,4,2.6,1.5,0.7,2.1,19.6,16.6,0.2,0,8.3,4.4,4.4,14.3,100,29,24.5,0.2,0,12.2,6.5,6.5,21.1,100,7.4,30.2,28.4,12.3,8.2,4.8,2,6.6,100
195,ALB,Albania,2000,20,0.4,6.5,3.5,0.2,20.6,19.3,2.9,0,0,0.1,8.7,2.4,15.3,100,4.1,18.7,5.5,3.5,0.2,8.2,0,2.2,15.2,2.9,0,0,0.1,8.1,2.4,28.8,100,26.4,5.1,0,0,0.2,14.1,4.2,50,100,9.6,44.2,12.9,8.3,0.6,19.3,0,5.1,100
196,DZA,Algeria,2000,22.6,0.5,11.3,6.1,0.4,10.7,15.9,8.4,0,0,4.9,5.3,1.5,12.5,100,2.6,20.8,10.7,6.1,0.4,7.3,0.2,2.7,13.2,8.2,0,0,4.9,4.8,1.5,16.5,100,26.9,16.6,0,0.1,9.9,9.8,3.1,33.5,100,5.2,40.9,21.1,11.9,0.7,14.4,0.3,5.4,100
197,AND,Andorra,2000,28,0,9.5,3.5,0,32.5,2.7,0.1,0,0,0,5,0.9,17.6,100,0.4,24.6,8.3,3.5,0,20.9,0,8.9,2.3,0.1,0,0,0,4.5,0.9,25.4,100,6.9,0.4,0,0,0,13.5,2.8,76.3,100,0.7,36.9,12.5,5.3,0,31.3,0,13.3,100
198,AGO,Angola,2000,9.2,0.6,9.3,3.3,2.6,3.7,19.4,19.3,12.6,0.9,0.8,3.2,4.3,10.7,100,1.9,7.7,8.5,3.3,2.6,1.8,0.3,1.4,17.5,19.1,12.6,0.9,0.8,3,4.3,14.4,100,24.1,26.3,17.4,1.3,1.1,4.1,5.9,19.8,100,6.9,28.1,31,12.1,9.4,6.5,0.9,5.1,100
199,ATG,Antigua & Barbuda,2000,31.5,0,20.9,0,0,20.4,0,0,0,0,0,1.7,1.7,23.9,100,0,27.6,17.1,0,0,11.9,0,3.3,0,0,0,0,0,1.7,1.7,36.6,100,0,0,0,0,0,4.3,4.3,91.4,100,0,46,28.6,0,0,19.8,0,5.6,100
200,ARG,Argentina,2000,27.8,0.2,6.2,5.9,0,23.8,6.9,2.1,0,0.4,0,8.6,1.6,16.5,100,1,25.7,5.6,5.9,0,12.6,0,4.8,5.9,2.1,0,0.4,0,7.9,1.4,26.6,100,13.2,4.8,0,0.9,0,17.8,3.2,60,100,1.9,46.1,10.1,10.7,0,22.7,0,8.6,100
201,ARM,Armenia,2000,23.8,0.3,7.4,4.4,0,16.9,20,3.7,0,0.2,0.1,9.2,2.2,11.8,100,6.1,23.2,6.7,4.4,0,8.7,0,2.6,14,3.7,0,0.2,0.1,8.5,2.2,19.8,100,28.8,7.7,0,0.3,0.1,17.6,4.5,40.8,100,11.8,44.9,12.9,8.5,0,17,0,4.9,100
202,AUS,Australia,2000,17.5,0.1,9.8,2.4,0,28.1,2.6,0.1,0,0,0,11,1.8,26.7,100,0.3,13.1,9,2.4,0,17.2,0,13.7,2.3,0.1,0,0,0,10.6,1.6,29.7,100,5.1,0.2,0,0,0,23.8,3.7,67.1,100,0.6,23.4,16.1,4.4,0,30.9,0,24.6,100
203,AUT,Austria,2000,22.2,0,6.5,1.3,0,38,1.9,0.3,0,0,0,9.9,1.6,18.3,100,0.7,21,5.2,1.3,0,20.3,0,6.1,1.2,0.3,0,0,0,8.6,1.6,33.7,100,2.7,0.7,0,0,0,19,3.4,74.2,100,1.2,38.4,9.6,2.4,0,37.2,0,11.2,100
204,AZE,Azerbaijan,2000,20.8,0.3,11.6,3.9,0.8,7.2,19.5,12.7,0,0,0.1,5.4,2.5,15.3,100,2.5,19.5,10,3.9,0.8,3.7,0.4,2.5,17,12.3,0,0,0.1,5.1,2.5,19.7,100,30.1,21.7,0,0.1,0.2,8.9,4.4,34.7,100,5.7,44.9,23.1,9,1.9,8.6,1,5.8,100
205,BHS,Bahamas,2000,19.2,0,11.6,6.3,0,17.3,23,0.9,0,0.9,0,10.2,0.8,9.7,100,10.9,15.6,10.7,6.3,0,8.1,0,2.1,12.1,0.9,0,0.9,0,10.2,0.8,21.3,100,26.2,2,0,2,0,22.1,1.8,45.9,100,20.3,29,20,11.7,0,15.2,0,3.9,100
206,BHR,Bahrain,2000,19.6,0,5.9,1,0,41.5,1.7,0.4,0,0,0,13.5,0.4,15.9,100,0,12.8,4.5,1,0,16,0,2.3,1.7,0.4,0,0,0,13.5,0.4,47.3,100,2.7,0.6,0,0,0,21.3,0.7,74.6,100,0,34.9,12.4,2.7,0,43.8,0,6.2,100
207,BGD,Bangladesh,2000,14.3,0.2,12.8,10.6,1.2,4.2,19.8,12.1,1.3,0,4,5,3.1,11.4,100,3.8,12.9,12.3,10.6,1.2,3,0.6,4.2,15.9,11.5,1.3,0,4,4.4,3.1,11,100,31.1,22.3,2.6,0,7.8,8.6,6.1,21.5,100,7.8,26.5,25.3,21.8,2.5,6.2,1.3,8.6,100
208,BRB,Barbados,2000,36.5,0,18.3,0.7,0,8.5,0,0,0,5.3,0,5,3.1,22.6,100,0,31.3,13.3,0.7,0,3.3,0,3.1,0,0,0,5.3,0,5,3.1,34.9,100,0,0,0,10.9,0,10.4,6.4,72.3,100,0,60.6,25.6,1.4,0,6.4,0,6,100
209,BLR,Belarus,2000,23.4,0.6,7.4,2.9,0,26.9,13.7,1.6,0,0.2,0,7.6,1.9,13.9,100,3.8,21.2,6,2.9,0,13.7,0,4,9.9,1.6,0,0.2,0,6.9,1.9,28,100,20.4,3.3,0,0.5,0,14.1,3.8,57.8,100,7.4,41.1,11.7,5.6,0,26.5,0,7.7,100
210,BEL,Belgium,2000,17.1,0.2,8.9,2.1,0,30.8,1.2,0.7,0,0,0,9.9,4.1,25,100,0.3,13.5,8,2.1,0,18.5,0,8.6,0.9,0.7,0,0,0,9.3,4.1,34,100,1.9,1.4,0,0,0,19,8.3,69.4,100,0.6,26.4,15.6,4.2,0,36.3,0,16.8,100
211,BLZ,Belize,2000,26.8,0,10.4,3.5,0,17.2,12.6,4.5,0,1.4,0,12.3,3.2,8.1,100,0.6,24.3,9.8,3.5,0,11.6,0,0.6,12,4.5,0,1.4,0,12.3,3.2,16.4,100,24.2,9,0,2.8,0,24.7,6.4,32.9,100,1.1,48.3,19.5,6.9,0,23,0,1.1,100
212,BEN,Benin,2000,10.2,0.7,8,5.7,0.4,3.1,17,14.1,14.8,1.4,6.6,3.6,3.1,11.3,100,1.7,8.8,7.2,5.7,0.4,1.2,0.2,1.4,15.3,13.9,14.8,1.4,6.6,3.4,3.1,14.9,100,20.9,18.9,20.2,1.8,9,4.6,4.2,20.3,100,6.3,33.1,27.2,21.2,1.5,4.5,0.7,5.4,100
213,BTN,Bhutan,2000,11.9,0.2,12.5,8.6,0.5,5.7,21.6,13.6,0.3,0.1,2.4,6.5,2.9,13.2,100,2.7,10,11.7,8.6,0.5,3.1,0.4,3.3,18.8,13.2,0.3,0.1,2.4,5.5,2.9,16.5,100,31.6,22.1,0.5,0.1,4.1,9.1,4.9,27.6,100,6.8,24.7,28.9,21.3,1.3,7.8,1,8.3,100
214,BOL,Bolivia,2000,13.2,1.5,13.3,5.3,0.7,8.9,18.5,15.4,0,0.1,0,6.4,2,14.6,100,2.5,11.3,11.4,5.3,0.7,3.2,0.3,2.9,16,15.1,0,0.1,0,5.8,2,23.3,100,25.7,24.3,0.1,0.2,0,9.3,3.2,37.4,100,6.6,30,30.4,14,1.7,8.6,0.8,7.8,100
215,BIH,Bosnia & Herzegovina,2000,30.2,0.7,9.7,4.4,0,29.1,7.8,0.9,0,0,1.5,3.7,0.7,11.2,100,4,28.9,9.1,4.4,0,20.3,0,6.1,3.9,0.9,0,0,1.5,2.7,0.7,17.4,100,14.3,3.3,0,0,5.6,10.1,2.7,64,100,5.4,39.7,12.5,6.1,0,27.8,0,8.4,100
216,BWA,Botswana,2000,10.6,0.2,6.6,3.2,0.2,3.2,7.3,4.4,0.5,40.5,15.4,1.8,0.7,5.6,100,1.6,9.9,6.3,3.2,0.2,2.2,0.1,1.6,5.7,4.3,0.5,40.1,15.4,1.6,0.7,6.7,100,7.6,5.7,0.6,53.5,20.5,2.2,0.9,8.9,100,6.3,39.6,25.3,12.6,0.7,8.6,0.4,6.5,100
217,BRA,Brazil,2000,22.5,0.1,8.3,7.3,0,14.2,12.3,7.6,0.1,0.5,0,4.7,2.6,19.8,100,1.8,21.4,7.6,7.3,0,6.8,0,5.3,10.5,7.6,0.1,0.5,0,4.5,2.5,24.1,100,21.1,15.2,0.1,0.9,0,9,5.1,48.5,100,3.5,42.5,15.2,14.6,0,13.5,0,10.6,100
218,BRN,Brunei,2000,16.9,0,8.3,3.2,0,34.6,5.2,0,0,0,0,5,0,26.8,100,0.4,13.4,5.8,1.2,0,21,0,9.8,4.8,0,0,0,0,5,0,38.6,100,10,0,0,0,0,10.3,0,79.8,100,0.8,26,11.2,2.2,0,40.8,0,19,100
219,BGR,Bulgaria,2000,13.9,0,8.6,3.8,0,28.1,20.8,2.5,0,0,0,5,1.5,16,100,3.2,13.9,8.6,3.8,0,16.2,0,7.9,17.6,2.5,0,0,0,4.6,1.5,20.4,100,37.8,5.3,0,0,0,9.8,3.2,43.9,100,6,25.9,16,7.1,0,30.3,0,14.7,100
220,BFA,Burkina Faso,2000,7.8,0.6,6.4,4,0.7,1.8,9.7,8.2,37.5,2,11.6,1.8,2.8,5.2,100,1.4,7.2,6,4,0.7,1,0.2,1.1,8.2,8,37.5,2,11.6,1.6,2.8,6.8,100,10.5,10.1,47.9,2.6,14.8,2,3.5,8.7,100,6.7,33.1,27.9,18.5,3.1,4.7,1,5.1,100
221,BDI,Burundi,2000,8.9,0.7,8.5,3.9,0.8,2.6,17.2,13.3,19.5,3.3,4.8,3.5,3.8,9.2,100,1.9,7.7,7.8,3.9,0.8,1.2,0.3,1.4,15.3,13,19.5,3.3,4.8,3.3,3.8,12,100,20.5,17.3,26,4.4,6.4,4.4,5.1,16,100,7.6,30.8,31.4,15.6,3,4.9,1,5.8,100
222,KHM,Cambodia,2000,11.2,0.9,10.4,4.1,1.1,3.5,20.7,14.7,6.3,1.8,3.8,5,3.8,12.6,100,2.2,9.7,9.5,4.1,1.1,1.9,0.5,2.3,18.5,14.2,6.3,1.8,3.8,4.7,3.8,15.5,100,27,20.6,9.2,2.6,5.5,6.8,5.6,22.6,100,6.9,31.1,30.4,13.2,3.4,6.1,1.5,7.3,100
223,CMR,Cameroon,2000,8.7,0.8,8,3.2,0.6,3.3,16.5,14.1,19.2,5,4.8,3.4,2.6,9.8,100,1.6,7.3,7.2,3.2,0.6,1.2,0.2,1.3,14.9,14,19.2,4.9,4.8,3.2,2.6,14,100,19.2,18,24.7,6.4,6.1,4.1,3.4,18.1,100,7.1,32.5,32,14.2,2.6,5.1,0.8,5.6,100
224,CAN,Canada,2000,25.2,0.3,8,2.6,0,30.5,2.6,0.4,0,0,0,7.8,1.5,21.2,100,0.5,22.7,7.7,2.6,0,17.9,0,6.8,2,0.4,0,0,0,7.3,1.5,30.6,100,4.9,1,0,0,0,17.4,3.5,73.2,100,0.9,39,13.2,4.5,0,30.7,0,11.7,100
225,CPV,Cape Verde,2000,18.5,0.3,8.8,4.4,1.3,14.1,16.7,9.7,0,2.2,6.3,3.5,1.3,13,100,2.3,18,8.6,4.4,1.3,6.9,0,6.6,14.4,9.7,0,2.2,6.3,3,1.3,15.1,100,27.7,18.7,0,4.2,12.2,5.8,2.4,29,100,4.7,37.4,18,9.1,2.7,14.4,0,13.7,100
226,CAF,Central African Republic,2000,9.4,0.7,8.9,3.6,1.9,2.5,12.1,10.4,23.8,8,6.3,2.1,3.8,6.4,100,2,8.5,8.4,3.6,1.9,1.3,0.3,1.4,10.2,10.1,23.8,7.9,6.3,2,3.8,8.5,100,14,13.9,32.8,10.9,8.7,2.8,5.3,11.8,100,7.1,31,30.7,13.1,6.8,4.9,1.2,5.2,100
227,TCD,Chad,2000,8.5,0.8,9.1,3.5,2.1,3.2,21.3,19.4,6.3,2.5,5.3,3.8,4.2,9.9,100,2,6.9,8.2,3.5,2.1,1.4,0.3,1.2,19.4,19.2,6.3,2.5,5.3,3.6,4.2,13.9,100,26,25.8,8.5,3.3,7.1,4.9,5.7,18.7,100,7.7,27,32.2,13.8,8.1,5.6,1,4.6,100
228,CHL,Chile,2000,23.8,0.4,4.5,3.3,0,33.5,9.9,0.9,0,0.1,0,9.7,2,11.9,100,1.3,21,4.2,3.3,0,19.9,0,2.3,8.6,0.9,0,0.1,0,9.3,1.9,27.2,100,17.9,1.9,0,0.3,0,19.3,3.9,56.7,100,2.5,40.4,8.2,6.3,0,38.3,0,4.4,100
229,CHN,China,2000,15.3,0.3,18.2,2,0.5,14.9,19.1,4.9,0,0.1,0.3,12.8,1.3,10.3,100,7.8,14.8,18.1,0.9,0.5,8.1,0.4,6,11.3,4.5,0,0.1,0.3,9.8,1.3,16,100,26.1,10.4,0,0.2,0.8,22.5,3,37,100,13.8,26.1,32,1.5,0.9,14.4,0.7,10.6,100
230,COL,Colombia,2000,24.1,0.2,8.7,5.3,0,15.2,12.7,6.1,0.5,0.2,0,6.5,2,18.5,100,2.3,23.3,8.3,5.3,0,9,0,5,10.4,6.1,0.5,0.2,0,6.1,1.8,21.6,100,22.2,13.1,1,0.4,0,13.1,3.9,46.2,100,4.4,43.7,15.6,9.9,0,17,0,9.5,100
231,COM,Comoros,2000,17,1.3,11.8,6.3,1.3,4.4,18.5,12.3,8.6,0,0,4.3,3.2,11.1,100,2.9,15.5,11.1,6.3,1.3,2.4,0.4,2.2,15.6,11.9,8.6,0,0,4.1,3.2,14.6,100,26.9,20.5,14.9,0,0,7,5.5,25.2,100,6.9,36.9,26.3,15,3.1,5.6,1,5.2,100
232,COG,Congo,2000,11,1.2,9.2,3.1,0.6,4,15.5,12.1,13.9,6.5,7.1,3.5,2,10.4,100,1.9,9.6,8.5,3.1,0.6,1.7,0.2,1.8,13.6,11.9,13.9,6.4,7.1,3.3,2,14.7,100,18.7,16.3,19.1,8.8,9.7,4.5,2.7,20.2,100,6.9,35,31.2,11.5,2.1,6.2,0.7,6.5,100
233,COD,Congo DR,2000,9.8,0.9,7.9,2.6,0.9,2.3,12.1,10.2,29.3,1.6,9.9,2.4,2.8,7.5,100,1.6,8.9,7.4,2.6,0.9,1.2,0.2,1.3,10.5,9.9,29.3,1.5,9.9,2.2,2.8,9.7,100,13.9,13.1,38.7,2,13,2.9,3.6,12.8,100,6.7,36.7,30.7,10.7,3.7,5.1,1,5.5,100
234,COK,Cook Islands,2000,22.9,0,10,4.8,0,23.5,10.7,2.4,0,0,0,6.4,1.4,17.8,100,1.3,21.1,8.9,4.8,0,13.8,0,7.3,9.5,2.4,0,0,0,5.9,1.4,23.7,100,22.1,5.5,0,0,0,13.7,3.4,55.3,100,2.3,36.8,15.5,8.5,0,24.2,0,12.7,100
235,CRI,Costa Rica,2000,24.5,0.1,7.4,4,0,31.7,7.3,3.5,0,0.2,0,4.2,1,16.1,100,1.8,22.2,7,4,0,20.5,0,3.5,5.4,3.5,0,0.2,0,4,0.8,27,100,13.2,8.6,0,0.6,0,9.7,2.1,65.9,100,3.1,37.6,11.8,6.8,0,34.8,0,5.9,100
236,CIV,Cote d Ivoire,2000,11.2,0.7,10.5,6.1,1.4,2.6,9.7,7,32.8,4.9,4.3,1.9,1.2,5.6,100,2.4,10.6,10.2,6.1,1.4,1.6,0.3,2,7.3,6.7,32.8,4.8,4.3,1.6,1.2,6.7,100,11.1,10.2,50.2,7.4,6.6,2.4,1.8,10.3,100,6.9,30.6,29.5,17.8,3.9,4.7,0.9,5.7,100
237,HRV,Croatia,2000,31.6,0,6.9,5,0,30.1,5.5,0.3,0,0,0,8,1.4,11.3,100,3.1,29.2,6.2,5,0,19.6,0,4.2,2.4,0.3,0,0,0,8,1.4,20.6,100,7.3,1,0,0,0,24.5,4.2,62.9,100,4.6,43.3,9.2,7.5,0,29.2,0,6.3,100
238,CUB,Cuba,2000,16.5,0,11.4,6.6,0,27.4,6.3,1.5,0,0,0,8.4,3.6,18.3,100,1.6,15.3,10.6,6.6,0,13,0,3.3,4.7,1.5,0,0,0,7.8,3.6,32,100,9.5,3,0,0,0,15.7,7.3,64.4,100,3.1,30.4,21.1,13,0,25.8,0,6.5,100
239,CYP,Cyprus,2000,20.8,1.2,8.3,2.7,0,31.3,5.4,0.4,0,0.1,0,8.1,1.7,20.2,100,0.7,18.7,5.8,2.7,0,14.2,0,5.5,4.6,0.4,0,0.1,0,7.6,1.7,38,100,8.8,0.7,0,0.1,0,14.5,3.2,72.5,100,1.5,39.2,12.2,5.6,0,29.9,0,11.6,100
240,CZE,Czech Republic,2000,21.4,0,12.5,2.7,0,20.1,4.3,0.2,0,0,0,11,1.6,26.3,100,0.7,18.7,10.8,2.7,0,11.8,0,11.5,3.5,0.2,0,0,0,10.7,1.6,27.7,100,8.1,0.5,0,0,0,24.5,3.8,63.2,100,1.3,33.2,19.2,4.8,0,21,0,20.5,100
241,DNK,Denmark,2000,29.6,0.1,8.2,1.1,0,33.3,2.4,0.5,0,0,0,5.3,1.7,17.9,100,0.3,27.4,7.3,1.1,0,19.4,0,6.1,2.1,0.5,0,0,0,5.1,1.7,29.1,100,5.4,1.3,0,0,0,13.3,4.4,75.6,100,0.5,44.6,11.8,1.8,0,31.5,0,9.9,100
242,DJI,Djibouti,2000,16.2,0.2,13.1,4.2,2,4.5,16.6,12.2,0.7,4,7.4,4.2,2.4,12.3,100,2.9,15,12.5,4.2,2,2.9,0.7,3.4,13.7,11.5,0.7,4,7.4,3.6,2.4,13.3,100,24.2,20.3,1.2,7,13,6.3,4.3,23.6,100,6.7,34.4,28.7,9.6,4.7,6.6,1.6,7.7,100
243,DMA,Dominica,2000,46.3,0,9.8,4.3,0,21,3.1,0,0,0,0,1.4,0,14.1,100,0,43.3,8,4.3,0,14.4,0,5.1,3.1,0,0,0,0,1.4,0,20.5,100,12.3,0,0,0,0,5.8,0,81.9,100,0,57.8,10.6,5.7,0,19.2,0,6.7,100
244,DOM,Dominican Republic,2000,25.7,0.5,12.7,5.9,0,12.3,13.6,6.8,0,6,0,5,1.3,10.2,100,3.3,24.1,12.2,5.9,0,8.7,0.3,3.5,10.3,6.5,0,6,0,3.7,1.3,14.3,100,24.5,15.3,0,14.2,0,8.9,3.1,33.9,100,5.6,41.6,21.1,10.2,0.1,14.9,0.5,6,100
245,ECU,Ecuador,2000,21.8,0.6,8,6,1,14.8,14.5,8.4,0,0.9,0,6.4,1.5,16.1,100,2.5,21.5,7.8,6,1,7.7,0,3.6,12,8.4,0,0.9,0,5.9,1.5,21.1,100,24.1,16.8,0,1.8,0,11.8,3.1,42.4,100,5,42.9,15.5,12,2.1,15.3,0,7.3,100
246,EGY,Egypt,2000,23.4,0.4,10.6,1.9,1.3,13.5,19.4,8.7,0,0,3,4.3,0.8,12.7,100,4.2,21,10,1.9,1.3,6.1,0,2.9,15.1,8.7,0,0,3,3.6,0.8,21.2,100,28.9,16.5,0,0,5.8,6.9,1.6,40.3,100,8.9,44.2,21.1,4,2.8,12.8,0,6.2,100
247,SLV,El Salvador,2000,17.5,0.6,8,5.4,0.5,15.6,18.2,9.2,0,1.1,0,6,1.6,16.2,100,2.1,17,7.8,5.4,0.5,7,0,4,16.1,9.2,0,1.1,0,5.6,1.6,22.7,100,28.6,16.4,0,1.9,0,9.9,2.9,40.3,100,4.8,38.8,17.8,12.4,1.2,16,0,9,100
248,GNQ,Equatorial Guinea,2000,10.3,0.8,9.5,3.5,1.2,3.6,15.2,12.9,19,1.2,8.3,3.2,1.4,10,100,2,8.9,8.8,3.5,1.2,1.4,0.6,2.4,13.2,12.2,19,1.2,8.3,2.8,1.4,12.9,100,18.6,17.2,26.8,1.7,11.7,4,2,18.2,100,6.9,30.9,30.4,12.2,4.1,5,2.2,8.3,100
249,ERI,Eritrea,2000,7.3,1.3,8.4,5.1,0.3,3.3,17.9,11.5,0.3,1.8,26.3,4.7,3.3,8.6,100,1.9,6,7.7,5.1,0.3,1.8,0.2,1.4,16.1,11.4,0.3,1.8,26.3,4.4,3.3,12.2,100,21.2,15.1,0.3,2.4,34.7,5.9,4.3,16.2,100,7.7,24.6,31.7,20.8,1.2,7.5,0.6,5.9,100
250,EST,Estonia,2000,18.5,0,4.6,10.8,0,27.2,7.3,1.7,0,0,0,21.3,0.9,7.6,100,3.9,18.5,4.6,10.8,0,13.1,0,6.2,3.5,1.7,0,0,0,17.5,0.9,19.4,100,8.1,3.9,0,0,0,40.7,2,45.2,100,6.8,32.4,8.1,18.9,0,23,0,10.8,100
251,ETH,Ethiopia,2000,9.2,1,11.9,4.9,3,3.3,20.6,15.4,2.8,3.5,4.4,4.1,6.9,8.9,100,2.9,7.6,11.4,4.9,3,1.9,0.3,1.7,17.7,15.1,2.8,3.5,4.4,3.9,6.9,12,100,26.8,22.8,4.2,5.2,6.6,5.8,10.4,18.2,100,8.6,22.6,33.7,14.7,8.9,5.5,1,4.9,100
252,FSM,Federated States of Micronesia,2000,18.3,0.6,14,4.6,0.6,9.6,16.8,10.9,0,0,0.8,6,1.8,16.1,100,3.1,16.6,12.8,4.6,0.6,6,0.4,3.8,13.7,10.5,0,0,0.8,5.7,1.8,19.5,100,26.3,20.2,0,0,1.5,10.9,3.5,37.6,100,6.5,34.5,26.8,9.5,1.3,12.6,0.8,8,100
253,FJI,Fiji,2000,21.7,0.6,9.3,6.2,0.4,18.6,10.9,4.7,0,0.2,1.9,7.5,2,16.1,100,2.2,20.7,8.7,6.2,0.4,10.8,0,7,8.8,4.7,0,0.2,1.9,7,2,19.6,100,19.9,10.6,0,0.3,4.3,15.8,4.5,44.6,100,3.9,36.9,15.6,11.2,0.6,19.2,0,12.6,100
254,FIN,Finland,2000,22,0,7.7,1.7,0,40.4,1.6,1,0,0,0,6.7,0.5,18.3,100,0,18.8,7.1,1.7,0,22.6,0,6.3,1.6,1,0,0,0,6.7,0.5,33.6,100,3.8,2.3,0,0,0,15.3,1.3,77.3,100,0,33.3,12.6,3,0,40,0,11.1,100
255,FRA,France,2000,17.6,0.4,12.2,3.5,0,28.1,1.5,1.5,0,0.1,0,8.8,2.1,24.3,100,0.2,13.4,10.6,3.5,0,18.2,0,6.4,1.3,1.5,0,0.1,0,8.3,2,34.6,100,2.7,3.1,0,0.2,0,17.4,4.1,72.5,100,0.4,25.6,20.3,6.7,0,34.9,0,12.2,100
256,GAB,Gabon,2000,16.7,1.6,10.3,4.3,0.6,5.1,12.4,8.2,9.1,11.9,8.1,3.1,1,7.7,100,2.4,15.5,9.7,4.3,0.6,2.9,0.2,1.9,10.1,8,9.1,11.8,8.1,2.8,1,11.7,100,16.1,12.8,14.5,18.9,12.9,4.5,1.6,18.7,100,6.4,41.4,25.9,11.4,1.5,7.8,0.6,5.1,100
257,GMB,Gambia The,2000,10.9,0.9,11.7,8.5,0.5,4.3,15.8,15,7.6,1.7,4.3,4.6,2.3,12,100,2.3,9.3,10.8,8.5,0.5,1.9,0.2,2.2,13.4,14.9,7.6,1.7,4.3,4.2,2.3,15.9,100,20.9,23.1,11.8,2.6,6.7,6.6,3.6,24.7,100,6.5,25.9,30.3,23.8,1.5,5.4,0.4,6.2,100
258,GEO,Georgia,2000,27.3,0.3,8.1,5.1,0,14.9,17.6,3.7,0,0.1,0,9,1.9,11.8,100,6.8,27,7.7,5.1,0,8.4,0,2.6,10.9,3.7,0,0.1,0,8.3,1.9,17.4,100,25.7,8.8,0,0.3,0.1,19.6,4.5,41.1,100,11.7,46.9,13.4,8.8,0,14.6,0,4.6,100
259,DEU,Germany,2000,28.9,0,5.2,1.8,0,33.4,1.7,0.4,0,0.1,0,7,1.7,19.8,100,0.2,24.2,3.7,1.8,0,17.5,0,4.9,1.5,0.4,0,0.1,0,6.4,1.7,37.5,100,3.2,0.7,0,0.2,0.1,13.4,3.6,78.8,100,0.3,46.3,7.2,3.4,0,33.5,0,9.4,100
260,GHA,Ghana,2000,10.9,1,10.8,6.3,0.7,3.4,11.9,7.7,21.8,3.3,11.2,2.9,1.7,6.5,100,2.4,10.1,10.3,6.3,0.7,2.1,0.2,1.9,9.5,7.5,21.8,3.3,11.2,2.5,1.7,8.6,100,14.4,11.4,33,5,16.9,3.8,2.6,13,100,7,29.6,30.2,18.6,2,6.3,0.7,5.7,100
261,GRC,Greece,2000,41.4,0,6.9,1.6,0,35.2,2.9,0,0,0,0,4.7,1.1,6.2,100,0.5,41.4,6.9,1.6,0,20,0,1.3,2.3,0,0,0,0,4.7,1.1,20.2,100,8.3,0,0,0,0,16.5,3.9,71.3,100,0.8,57.7,9.6,2.3,0,27.8,0,1.8,100
262,GRD,Grenada,2000,27.8,0,22.4,10.9,0,2.7,9.2,3.7,0,0,0,8.1,0,15.2,100,0,23.8,13.1,10.9,0,0.9,0,0,9.2,3.7,0,0,0,8.1,0,30.4,100,18,7.1,0,0,0,15.8,0,59.1,100,0,48.9,26.9,22.4,0,1.8,0,0,100
263,GTM,Guatemala,2000,12.9,0.4,12.7,7.2,0,7.8,22.1,12.6,0.1,0.5,0,7.2,2.6,14,100,2.8,10.8,12,7.2,0,5.1,0.3,3.2,19.3,12.3,0.1,0.5,0,6.6,2.6,17.3,100,32.9,21.1,0.1,0.8,0,11.2,4.4,29.5,100,6.8,26,28.9,17.4,0.1,12.3,0.6,7.8,100
264,GIN,Guinea,2000,7.6,0.7,8.9,5.5,0.9,2.6,13.1,11,21.5,1.6,14.5,2.5,2.4,7.1,100,1.8,6.8,8.2,5.5,0.9,1.3,0.2,1.5,11.3,10.8,21.5,1.6,14.5,2.2,2.4,9.4,100,15.2,14.6,29.1,2.2,19.7,3,3.3,12.8,100,7,25.8,31.3,21,3.4,5,0.9,5.6,100
265,GNB,Guinea-Bissau,2000,10.6,0.6,9.4,4.8,2.4,3.1,16.4,14.4,13.4,1.7,8.7,3,2.9,8.6,100,2.2,9.3,8.7,4.8,2.4,1.4,0.3,1.6,14.2,14.1,13.4,1.7,8.7,2.8,2.9,11.6,100,20.5,20.3,19.3,2.5,12.6,4,4.1,16.7,100,7.3,30.3,28.3,15.6,7.7,4.6,1,5.1,100
266,GUY,Guyana,2000,26,0,11.6,8,0,9.7,8.4,12.3,3.2,2.4,0,4.7,0.8,13,100,1.4,25.7,11.2,8,0,5.3,0,3.2,7,12.3,3.2,2.4,0,4.6,0.7,15,100,15.6,27.2,7,5.2,0,10.2,1.6,33.2,100,2.5,47,20.5,14.7,0,9.6,0,5.8,100
267,HTI,Haiti,2000,10.9,1.3,9.8,4.2,0.6,4.6,23.4,17.2,0.5,4.8,0,5.8,4.1,12.7,100,2.2,9.3,8.4,4.2,0.6,1.7,0.4,2.5,21.3,16.8,0.5,4.8,0,5.5,4.1,17.9,100,30,23.7,0.7,6.8,0,7.7,5.7,25.3,100,7.4,31.7,28.7,14.3,2,5.8,1.5,8.5,100
268,HND,Honduras,2000,19.1,0.5,8.2,5.9,0.4,13,15.7,10,0.1,4.6,0,2.8,1.5,18.1,100,2.1,18.5,7.9,5.9,0.4,6.5,0,5.6,13.6,10,0.1,4.6,0,2.4,1.5,21,100,25.6,18.7,0.2,8.6,0,4.5,2.9,39.5,100,4.6,39.5,16.8,12.5,0.8,13.8,0,12,100
269,HUN,Hungary,2000,44.7,0,4.8,0.3,0,23.5,7.1,0.1,0,0,0,6.9,1.2,11.5,100,1.6,39.2,3.1,0.3,0,11.9,0,4.7,5.5,0.1,0,0,0,5.1,1.1,27.4,100,14,0.3,0,0,0,12.9,2.8,70,100,2.7,64.4,5,0.5,0,19.6,0,7.7,100
270,ISL,Iceland,2000,30.2,0,10.7,0,0,19.5,0,0,0,0,0,7.8,0,31.8,100,0,30.2,10.7,0,0,2.3,0,6.8,0,0,0,0,0,7.8,0,42.2,100,0,0,0,0,0,15.6,0,84.4,100,0,60.4,21.4,0,0,4.5,0,13.6,100
271,IND,India,2000,17.5,0.2,13.3,7.6,2.3,4.9,19.1,13.4,0.5,0.3,2.9,3.1,2.6,12.2,100,3.4,16,12.8,7.6,2.3,3.2,0.7,3.7,15.7,12.7,0.5,0.3,2.9,2.7,2.6,12.7,100,31.3,25.3,0.9,0.6,5.8,5.4,5.3,25.4,100,6.9,32.1,25.8,15.3,4.6,6.5,1.4,7.5,100
272,IDN,Indonesia,2000,13.3,0.4,12.5,6,0.3,6.8,18.9,10.7,0.5,0,8.9,6.1,2.3,13.2,100,2.5,12.2,11.4,6,0.3,4.8,0.2,3.4,16.4,10.5,0.5,0,8.9,5.5,2.3,15,100,27.7,17.7,0.8,0,15.1,9.3,3.9,25.4,100,6.2,29.9,27.9,14.8,0.7,11.8,0.5,8.2,100
273,IRN,Iran,2000,22.1,0.5,12.5,7.6,0.2,11.7,16.3,8.3,0,0,0.3,5.7,1.6,13.1,100,2.8,20.2,12,7.6,0.2,8.6,0.2,3.4,13.5,8.2,0,0,0.3,5.1,1.6,16.4,100,29.9,18.1,0,0.1,0.8,11.4,3.5,36.3,100,5.1,36.7,21.8,13.8,0.4,15.6,0.3,6.2,100
274,IRQ,Iraq,2000,18.6,0.5,14.6,8.6,0.5,9.7,17,9.2,0,0,1.4,6,1.5,12.5,100,3.4,17.3,13.7,8.6,0.5,7.3,0.3,4,13.6,8.8,0,0,1.4,4.8,1.5,14.7,100,30.3,19.6,0,0,3.1,10.7,3.4,32.8,100,6.1,31.5,24.8,15.7,0.8,13.2,0.6,7.2,100
275,IRL,Ireland,2000,26.1,0,4.2,2.1,0,41.7,3,0,0,0,0.9,3.2,5.2,13.6,100,0.2,19.1,4.2,2.1,0,28,0,3.7,2.8,0,0,0,0.9,3.2,5.2,30.7,100,6.6,0,0,0,2.2,7.4,12.1,71.8,100,0.4,33.4,7.3,3.7,0,48.8,0,6.4,100
276,ISR,Israel,2000,30.1,0,3.9,2.7,0,26.3,1.7,0.8,0,0,0,6.4,0.3,27.9,100,0.6,25.8,2.5,2.7,0,16.2,0,5.2,1.1,0.8,0,0,0,5.9,0.2,39.1,100,2.3,1.8,0,0,0,12.6,0.3,83,100,1.1,48.7,4.8,5,0,30.6,0,9.8,100
277,ITA,Italy,2000,32.5,0,9.1,1.9,0,33.5,1.9,0,0,0.3,0,4.2,0.6,16,100,0.4,29.6,8.3,1.9,0,17.7,0,3.8,1.5,0,0,0.3,0,4.1,0.6,32,100,4,0.1,0,0.7,0,10.6,1.5,83.1,100,0.6,48.1,13.5,3,0,28.7,0,6.1,100
278,JAM,Jamaica,2000,28.7,0.9,11,10.8,0,17.9,5.4,1.4,0,9.8,0,2.7,0.4,11.2,100,2.4,28.4,10.8,10.8,0,15.3,0,9.4,3,1.4,0,9.7,0,2.1,0.4,6.4,100,12.9,5.9,0,42.3,0,9.1,1.7,28,100,3.1,36.9,13.9,14,0,19.9,0,12.2,100
279,JPN,Japan,2000,10.5,0,5.3,2.3,0,40,6.7,0.6,0,0,0.2,12.3,1.1,20.8,100,0.5,8.8,4.9,2.3,0,19,0,4.6,6.2,0.6,0,0,0.2,11.7,1.1,40.1,100,10.4,1,0,0,0.4,19.5,1.9,66.9,100,1.2,22.1,12.2,5.7,0,47.3,0,11.5,100
280,JOR,Jordan,2000,26.5,0.7,10.2,4.2,1.5,17.7,11.7,4.8,0,0,0,8.6,0.7,13.4,100,2.8,24.4,9.7,4.2,1.5,11.4,0,6.6,9,4.8,0,0,0,7.9,0.7,17.2,100,22.7,12.2,0,0,0,19.9,1.8,43.5,100,4.6,40.4,16,6.9,2.5,18.8,0,11,100
281,KAZ,Kazakhstan,2000,21.9,0.4,10.9,4.1,0.3,11.6,18.1,10,0,0.1,0,6.2,1.9,14.5,100,2.4,20.4,9.2,4.1,0.3,6.4,0.2,2.5,15.7,9.9,0,0.1,0,5.6,1.9,21.5,100,28.7,18,0,0.3,0,10.2,3.4,39.3,100,5.2,45.1,20.2,9,0.6,14.1,0.4,5.5,100
282,KEN,Kenya,2000,9.2,1,9.9,4.4,0.4,3.9,17.3,11.8,7.2,17.1,1.3,4.2,2.8,9.6,100,2.1,7.7,9.2,4.4,0.4,1.8,0.2,1.9,15.2,11.6,7.2,16.9,1.3,3.8,2.8,13.7,100,20.9,16.1,9.9,23.4,1.8,5.3,3.8,18.8,100,7.5,27.9,33.3,15.9,1.5,6.5,0.6,6.8,100
283,KIR,Kiribati,2000,14.7,0,13.7,5.4,0.6,8.1,20.3,12.6,0,0,0,5.6,3.1,16,100,2.7,13.2,12.1,5.4,0.6,4.2,0.3,3.2,17.7,12.4,0,0,0,5.3,3.1,20.1,100,30.1,21.1,0,0,0,9.1,5.3,34.3,100,6.4,31.9,29.1,13,1.3,10,0.6,7.6,100
284,PRK,Korea DPR,2000,20.1,0.2,11.1,4.2,0.4,7.3,19.3,11.8,0,0,0,5.9,3.5,16.1,100,2.5,18.4,10.4,4.2,0.4,5.2,0.2,2.9,16.8,11.6,0,0,0,5.4,3.5,18.4,100,30.2,20.8,0,0,0,9.7,6.3,32.9,100,5.7,41.6,23.4,9.6,0.9,11.8,0.5,6.5,100
285,KOR,Korea Rep,2000,22,0,5.8,3.8,0,23.5,5.7,0.9,0,0,0.4,16.8,1.6,19.3,100,0.7,17.1,3.5,3.8,0,10.4,0,2.1,5,0.9,0,0,0.4,16.6,1.5,37.8,100,8,1.5,0,0.1,0.6,26.6,2.5,60.7,100,2,45.4,9.3,10.2,0,27.7,0,5.5,100
286,KWT,Kuwait,2000,23.5,0.1,3.7,1.5,0,45.2,6.1,0.4,0,0,0,6.9,0.8,11.8,100,0.8,20.7,2.4,1.5,0,24.6,0,2,5.3,0.4,0,0,0,6.6,0.7,34.9,100,11,0.9,0,0,0,13.8,1.5,72.7,100,1.5,39.9,4.5,2.9,0,47.3,0,3.9,100
287,KGZ,Kyrgyzstan,2000,19.3,0.4,11.8,4.3,0.3,11.4,18.4,10,0,0.1,0,6.4,3.1,14.5,100,2.5,17.8,10,4.3,0.3,6.3,0.2,2.7,15.9,9.9,0,0.1,0,5.5,3.1,21.5,100,28.5,17.7,0,0.1,0,9.8,5.5,38.5,100,5.7,40.4,22.7,9.8,0.7,14.2,0.4,6,100
288,LAO,Lao PDR,2000,10,1.1,12.7,4.4,2.6,3.9,22.2,16,1.3,0,6.3,5.2,3.4,10.9,100,3,8.5,11.9,4.4,2.6,2.2,0.7,2.7,19.2,15.3,1.3,0,6.3,4.7,3.4,13.9,100,29.9,23.9,2.1,0.1,9.8,7.3,5.3,21.7,100,8.3,23.6,33.2,12.3,7.1,6.1,1.9,7.5,100
289,LVA,Latvia,2000,19.1,0,15.6,1.8,0,34.1,4.6,0,0,0,0,11.7,1.4,11.7,100,2.7,16.8,14.1,1.8,0,18.2,0,5.5,1.9,0,0,0,0,9.9,1.4,27.7,100,4.7,0,0,0,0,24.1,3.4,67.8,100,4.6,28.5,23.8,3.1,0,30.8,0,9.2,100
290,LBN,Lebanon,2000,24.5,0.5,9.5,4.7,0,22,10.7,4.2,0,0.1,0.7,8.8,0.7,13.6,100,3,23.3,9.2,4.7,0,13.7,0,4.8,7.7,4.2,0,0.1,0.7,8.2,0.7,19.8,100,18.7,10.1,0,0.2,1.8,19.8,1.6,47.9,100,5.2,39.7,15.7,7.9,0,23.3,0,8.2,100
291,LSO,Lesotho,2000,10.9,0.9,10.9,4.6,0.7,4,15.7,10.8,0,25.3,0.9,3.4,2.4,9.4,100,2.4,9.5,10.3,4.6,0.7,1.9,0.3,2.3,13.3,10.5,0,25.1,0.9,3.2,2.4,12.5,100,19.5,15.4,0,36.9,1.4,4.8,3.5,18.5,100,7.4,29.8,32.1,14.4,2.3,5.9,0.9,7.2,100
292,LBR,Liberia,2000,7.8,0.7,7.1,3.4,0.8,2.3,11.7,10.7,25.8,1.5,16.4,2.1,3.1,6.7,100,1.5,6.9,6.6,3.4,0.8,1.1,0.3,1.1,10.2,10.4,25.8,1.5,16.4,2,3.1,9.1,100,13,13.3,32.9,1.9,20.9,2.5,3.9,11.6,100,6.8,31.7,30.2,15.9,3.8,5,1.3,5.3,100
293,LBY,Libya,2000,22.7,0.6,10.8,4.2,0,19.8,11,2.9,0,0,0,10.2,0.8,17.1,100,2,22.3,10.6,4.2,0,10.8,0,4.3,9,2.9,0,0,0,9.7,0.8,23.4,100,19.7,6.4,0,0,0,21,1.8,51.1,100,3.7,41.1,19.7,7.7,0,19.9,0,7.9,100
294,LTU,Lithuania,2000,13.9,0,8,2.2,0,37.2,8.9,0.3,0,0,0,16.7,2.3,10.4,100,1.7,12.9,7,2.2,0,20.4,0,1.7,7.3,0.3,0,0,0,16.1,2.3,28.3,100,13.4,0.5,0,0,0,29.8,4.2,52.1,100,3.7,28,15.2,4.9,0,44.5,0,3.7,100
295,LUX,Luxembourg,2000,19.8,0,21.1,1.8,0,12.2,0,0,0,0,0,14.9,7,23.1,100,0,18.1,21.1,1.8,0,8.9,0,0,0,0,0,0,0,14.9,7,28.1,100,0,0,0,0,0,29.8,14,56.2,100,0,36.2,42.3,3.7,0,17.8,0,0,100
296,MKD,Macedonia,2000,35.6,0,11,2.3,0,16.6,8.1,8.7,0,0,0,2.9,0.9,13.8,100,0.2,35.2,11,2.3,0,7.5,0,0.5,7.8,8.7,0,0,0,2.9,0.9,22.8,100,18.2,20.1,0,0,0,6.8,2.1,52.9,100,0.4,62,19.4,4.1,0,13.2,0,0.8,100
297,MDG,Madagascar,2000,10.8,1.2,9.9,4.1,0.6,3.7,22.5,16.2,2.7,0.6,5.7,5.3,4.1,12.7,100,2.2,8.8,9.3,4.1,0.6,1.8,0.2,1.7,20.3,15.9,2.7,0.6,5.7,5.1,4.1,16.9,100,28.5,22.4,3.7,0.8,8,7.2,5.8,23.7,100,7.5,30.8,32.3,14.3,2.2,6.2,0.8,5.8,100
298,MWI,Malawi,2000,7.5,0.6,7,3.8,0.3,2.9,16.2,13.9,15.7,14.6,0.2,3.1,3.9,10.3,100,1.4,6.3,6.1,3.8,0.3,1,0.2,1.5,14.8,13.7,15.7,14.5,0.2,2.9,3.9,13.7,100,18.6,17.3,19.8,18.3,0.2,3.7,4.9,17.3,100,6.8,30.6,29.8,18.6,1.4,4.9,0.9,7,100
299,MYS,Malaysia,2000,22.3,1.8,9.1,3.5,1,28,8.6,3,0.2,0.8,0,6.5,1.4,13.9,100,1.3,20.6,8,3.5,1,14.7,0,2.9,7.3,3,0.2,0.8,0,6,1.4,29.3,100,15.2,6.2,0.3,1.7,0,12.5,3,61.1,100,2.5,39.7,15.3,6.7,1.9,28.3,0,5.6,100
300,MDV,Maldives,2000,26.8,0.4,8.5,6.7,0.1,13.4,16.2,5.3,0,0,0,4.5,1.2,16.9,100,3.8,26.3,7.9,6.7,0.1,6.7,0,5,12.4,5.3,0,0,0,3.8,1.2,20.7,100,28.5,12.2,0,0.1,0,8.7,2.9,47.7,100,6.7,46.5,14,11.9,0.2,11.8,0,8.8,100
301,MLI,Mali,2000,9.5,0.5,7.5,4,2.2,2.9,16,15.8,23.4,1.2,3.1,2.6,3,8.3,100,1.8,8.3,6.8,4,2.2,1.5,0.3,1.2,14.3,15.5,23.4,1.1,3.1,2.4,3,11.2,100,19.3,21,31.6,1.5,4.2,3.3,4,15.1,100,6.7,32,26.3,15.3,8.3,5.7,1,4.6,100
302,MLT,Malta,2000,36.6,0,6.7,3.1,0,20.6,1.5,0,0,0,0,4.8,5.2,21.5,100,1.5,34,6.7,3.1,0,17,0,2.6,0,0,0,0,0,4.8,5.2,25.1,100,0,0,0,0,0,13.7,14.9,71.4,100,2.4,52.4,10.3,4.7,0,26.2,0,4,100
303,MHL,Marshall Islands,2000,18.5,0,12.4,5.6,0.3,11,17.4,10.8,0,0,0,6.3,2.1,15.6,100,2.8,16.6,11.3,5.6,0.3,6.8,0.3,3,14.6,10.6,0,0,0,6,2.1,20.1,100,27.4,19.8,0,0,0,11.3,3.9,37.7,100,6,35.5,24.2,12,0.7,14.5,0.5,6.5,100
304,MRT,Mauritania,2000,17.4,1.1,9.4,5.8,1.4,3.4,19,14.1,3.7,1,5.5,4.3,2.8,11,100,2.5,16,8.7,5.8,1.4,1.6,0.3,1.8,16.5,13.8,3.7,1,5.5,4.1,2.8,14.6,100,26.6,22.3,5.9,1.5,8.9,6.6,4.5,23.6,100,6.6,41.9,22.7,15.3,3.7,4.3,0.9,4.7,100
305,MUS,Mauritius,2000,40.4,0,9.8,4.4,0,21.3,3.9,1.6,0,0,0,6.9,1.6,10.1,100,0.3,38.4,9.8,4.4,0,9.3,0,2.2,3.6,1.6,0,0,0,6.3,1.6,22.5,100,10.2,4.5,0,0,0,17.7,4.5,63.1,100,0.4,59.7,15.3,6.8,0,14.4,0,3.4,100
306,MEX,Mexico,2000,15.9,0,6.7,4.9,0,19.3,16.3,7.8,0,0.2,0,9.5,1.6,17.7,100,2.3,14.9,6.2,4.9,0,7.7,0,3.3,14,7.8,0,0.2,0,9,1.6,28.2,100,23.1,12.8,0,0.3,0,14.8,2.6,46.5,100,5.9,37.9,15.8,12.5,0,19.6,0,8.4,100
307,MDA,Moldova,2000,5.9,0,13.5,8.2,0,25.7,26.3,1.4,0,0,0,10.4,1.7,7,100,14.6,5.9,13.4,8.2,0,19.9,0,3.4,11.8,1.4,0,0,0,8.5,1.7,11.3,100,34,3.9,0,0,0,24.7,4.8,32.6,100,22.3,9,20.5,12.6,0,30.5,0,5.1,100
308,MCO,Monaco,2000,38.8,0,13,4,0,32.4,0.4,0,0,0,0,0.5,0,10.8,100,0.4,38.8,13,4,0,32.4,0,11.3,0,0,0,0,0,0,0,0,100,0,0,0,0,0,0,0,0,100,0.4,38.8,13,4,0,32.4,0,11.3,100
309,MNG,Mongolia,2000,19,0.3,10.8,4.1,0.3,8.4,19.6,12.2,0,0,0.6,6.2,2.7,15.8,100,2.3,17.7,9.1,4.1,0.3,4.6,0.2,2.4,17.3,12,0,0,0.6,5.5,2.7,21.2,100,29.2,20.2,0,0,1,9.2,4.6,35.8,100,5.7,43.3,22.4,9.9,0.8,11.3,0.5,6,100
310,MNE,Montenegro,2000,28.5,0,32.4,2.7,0,12.9,2.5,1.2,0,0,0,4,0,15.8,100,1.7,21.7,29.1,2.7,0,5.9,0,4.2,0.8,1.2,0,0,0,3.6,0,29.2,100,2.4,3.3,0,0,0,10.4,0,83.9,100,2.6,33.3,44.6,4.1,0,9,0,6.4,100
311,MAR,Morocco,2000,19.8,0.4,14.1,9.6,0.7,8.9,17.2,9.5,0,0.1,0.2,5.2,2.1,12.2,100,3.1,18.3,13.2,9.6,0.7,5.8,0.4,3.6,14.1,9.1,0,0.1,0.2,4.8,2.1,14.9,100,31.1,20.1,0,0.2,0.4,10.6,4.7,32.8,100,5.7,33.5,24.1,17.6,1.2,10.7,0.7,6.5,100
312,MOZ,Mozambique,2000,8.7,0.6,8.4,4.8,0.8,2.5,12.8,10.8,27.1,7.2,3.6,2.4,2.9,7.4,100,1.8,7.8,7.8,4.8,0.8,1.2,0.3,1.5,11,10.5,27.1,7.1,3.6,2.2,2.9,9.6,100,14.8,14.2,36.6,9.6,4.8,2.9,4,13,100,6.9,30,30,18.6,3.1,4.8,1.1,5.6,100
313,MMR,Myanmar,2000,17.4,0.2,13.4,6.4,1,4.9,19,12,1.1,0.5,1.6,5.6,3.8,13.1,100,2.9,16.4,12.3,6.4,0.9,3.3,0.6,3.5,16.1,11.4,1.1,0.4,1.6,4.6,3.8,14.6,100,30.1,21.3,2,0.8,2.9,8.6,7.2,27.1,100,6.3,35.4,26.5,13.7,2,7.1,1.3,7.6,100
314,NAM,Namibia,2000,10,1.5,8,3.4,0.2,4.1,15.1,9.5,2.3,29.9,0.1,4.1,1.8,10,100,1.7,8.7,7.4,3.4,0.2,2.3,0.1,1.9,13.5,9.4,2.3,29.6,0.1,4,1.8,13.7,100,18.1,12.7,3.1,39.8,0.1,5.3,2.4,18.5,100,6.5,33.7,28.7,13.4,0.6,8.9,0.5,7.6,100
315,NRU,Nauru,2000,22.1,0,13.9,6.5,0.5,10.9,16.4,8.9,0,0,0,5.3,1.7,13.8,100,3.3,20.9,13.2,6.5,0.5,9,0.2,3.6,13.1,8.7,0,0,0,4.7,1.7,14.6,100,30.6,20.3,0,0,0,11.1,3.9,34.2,100,5.8,36.6,23.1,11.3,0.8,15.7,0.4,6.3,100
316,NPL,Nepal,2000,12.4,1.4,14.6,8.6,1.7,5,19,10.9,0,0.1,8.7,4.8,3,9.6,100,3.8,11.4,13.9,8.6,1.7,3.7,0.7,3.8,15.2,10.3,0,0.1,8.7,4.4,3,10.7,100,29,19.6,0,0.1,16.7,8.3,5.8,20.5,100,8,23.9,29.2,18.2,3.6,7.8,1.4,8.1,100
317,NLD,Netherlands,2000,21.2,0,11.8,3.3,0,35.6,2.3,0,0,0,0,5.8,2.9,17.2,100,0.5,17.9,11,3.3,0,25.1,0,3.2,1.8,0,0,0,0,5.5,2.9,28.9,100,4.6,0,0,0,0,14,7.4,74,100,0.8,29.3,18.1,5.4,0,41.1,0,5.3,100
318,NZL,New Zealand,2000,22.4,0.4,6.4,1.1,0,28.8,5.7,0.4,0,0,0,12.2,4.2,18.4,100,0.7,19.7,6.1,1.1,0,14.3,0,4.7,5,0.4,0,0,0,11.8,4.2,32,100,9.3,0.7,0,0,0,22.1,7.9,60,100,1.4,42.3,13,2.4,0,30.8,0,10.1,100
319,NIC,Nicaragua,2000,18.2,0.5,8.3,3.8,0.5,12,18,15.5,0.1,1,0,3.5,1.7,17.1,100,3,17.7,8,3.8,0.5,5.9,0,3.3,15,15.5,0.1,1,0,2.9,1.7,21.6,100,26,26.9,0.2,1.7,0,5.1,2.9,37.4,100,7.2,41.9,19,8.9,1.3,13.9,0,7.9,100
320,NER,Niger,2000,6.7,0.6,7,3.3,1,3,20.6,20.7,10.9,0.7,5.1,3.4,7,10,100,1.5,5.2,6.2,3.3,1,1.5,0.2,1,19.1,20.5,10.9,0.7,5.1,3.2,7,13.7,100,23.8,25.5,13.6,0.9,6.4,4,8.7,17.1,100,7.4,26.3,31.4,16.7,4.8,7.5,1,4.9,100
321,NGA,Nigeria,2000,7.3,0.7,8.9,3,1.8,2.8,14.3,13,19.4,2.4,14.4,2.6,2.1,7.4,100,1.8,6.2,8.2,3,1.8,1.4,0.3,1.3,12.5,12.7,19.4,2.4,14.4,2.4,2.1,10.2,100,16.5,16.7,25.5,3.2,18.9,3.1,2.8,13.4,100,7.6,25.9,34.2,12.6,7.3,5.7,1.1,5.5,100
322,NIU,Niue,2000,4.8,0,2.6,0,0,21.4,20.9,4,0,0,0,13.6,4.2,28.6,100,0,0,0,0,0,0,0,0,20.9,4,0,0,0,13.6,4.2,57.4,100,20.9,4,0,0,0,13.6,4.2,57.4,100,0,0,0,0,0,0,0,0,100
323,NOR,Norway,2000,12.3,0,10.1,1.1,0,37.1,3.4,0.5,0,0,0,6.2,5,24.5,100,1.1,9.2,9.2,1.1,0,21.3,0,12.5,2.3,0.5,0,0,0,6.2,5,31.8,100,4.9,1,0,0,0,13.5,10.9,69.6,100,2,16.9,16.9,2,0,39.2,0,23,100
324,OMN,Oman,2000,18.1,1,8.3,2.8,0,25.2,11.1,2.2,0,0.4,0,9.4,0.9,20.7,100,0.5,16.2,7.7,2.8,0,11.3,0,6.4,10.6,2.2,0,0.4,0,9.1,0.9,32,100,19.2,3.9,0,0.8,0,16.4,1.6,58.1,100,1.1,36.1,17.2,6.1,0,25.2,0,14.3,100
325,PAK,Pakistan,2000,15.5,1.2,15.3,8.7,5.3,4.2,18.9,12.7,0.2,0,0.8,5,2.4,9.8,100,3.9,14.4,14.5,8.7,5.3,2.7,0.7,4.2,15,12.1,0.2,0,0.8,3.7,2.4,11.5,100,32.8,26.5,0.5,0,1.7,8.2,5.2,25.2,100,7.2,26.5,26.6,16,9.7,5,1.2,7.7,100
326,PLW,Palau,2000,26.3,0,8.3,6.1,0,18.1,9.6,1.8,0,0,0,13.9,2.2,13.6,100,2.2,25.5,7.7,6.1,0,11.3,0,4.3,7.5,1.8,0,0,0,13.2,2.2,18.1,100,17.4,4.2,0,0,0,30.9,5.2,42.3,100,3.8,44.6,13.5,10.7,0,19.7,0,7.6,100
327,PAN,Panama,2000,20.4,0,8.2,6.2,0,27.3,9.8,4.7,0,0.7,0,3.2,1.6,17.9,100,3.9,20,8.2,6.2,0,16.3,0,2.3,5.9,4.7,0,0.7,0,3,1.5,27.4,100,13.7,10.8,0,1.7,0,7,3.5,63.5,100,6.9,35.2,14.3,10.9,0,28.7,0,4,100
328,PNG,Papua New Guinea,2000,13.7,1.2,11.6,5,0.8,4.9,15.5,9.1,12.9,1.4,7.7,4.2,2.4,9.7,100,2.4,12.5,10.9,5,0.8,3,0.3,2.8,13,8.7,12.9,1.4,7.7,3.8,2.4,12.3,100,20.9,14,20.7,2.2,12.4,6.1,3.9,19.7,100,6.5,33.1,28.8,13.2,2,8,0.9,7.5,100
329,PRY,Paraguay,2000,22.5,3.3,7.8,7.1,1.3,14.7,14.3,9.3,0,0.3,0,5.3,1.3,12.8,100,2.2,22.3,7.7,7.1,1.3,8,0,4.2,12.1,9.3,0,0.3,0,4.7,1.3,19.4,100,25.7,19.8,0,0.6,0,10,2.8,41.1,100,4.2,42.2,14.5,13.4,2.4,15.2,0,8,100
330,PER,Peru,2000,17.1,0.5,7.3,4.7,0.8,13.8,16.6,8.6,0,1.2,0,8.3,2.5,18.5,100,2.3,16.8,6.9,4.7,0.8,5.8,0,3.2,14.3,8.6,0,1.2,0,7.8,2.5,24.9,100,24,14.5,0,2,0,13.2,4.3,41.9,100,5.8,41.4,17,11.5,2.1,14.3,0,7.9,100
331,PHL,Philippines,2000,16.4,3.1,11.4,5.1,0.3,8,21.4,11.7,0.1,0,0.1,6.9,2.7,12.8,100,2.6,14.6,10.7,5.1,0.3,5.8,0.4,3.2,18.7,11.3,0.1,0,0.1,6.9,2.7,17.5,100,32.7,19.8,0.1,0,0.2,12,4.7,30.6,100,6.2,34.1,25.1,11.9,0.7,13.7,0.9,7.4,100
332,POL,Poland,2000,25.9,0,9.2,5.8,0,36.3,5,0.2,0,0,0,6.1,1.1,10.4,100,0.9,22.4,8.1,5.8,0,21.5,0,2.3,4.1,0.2,0,0,0,5.3,1.1,28.3,100,10.5,0.5,0,0,0,13.6,2.9,72.6,100,1.4,36.6,13.3,9.6,0,35.3,0,3.7,100
333,PRT,Portugal,2000,18.3,0.1,6.4,2.4,0,31.5,3.7,0.2,0.2,0.2,0,9.5,4.4,23,100,0.7,17.6,6.4,2.4,0,13.8,0,6.6,3.1,0.2,0.2,0.2,0,9.1,4.4,35.4,100,5.8,0.4,0.4,0.4,0,17.3,8.4,67.4,100,1.4,37,13.5,5.1,0,29.1,0,13.9,100
334,QAT,Qatar,2000,25,0.7,9.1,2.6,0,25.5,5.2,0.8,0,0.1,0,9.8,0.8,20.3,100,0.3,20.3,7.9,2.6,0,14.4,0,7.3,4.9,0.8,0,0.1,0,9.6,0.8,31,100,10.5,1.7,0,0.2,0,20.2,1.7,65.6,100,0.5,38.5,15.1,4.9,0,27.3,0,13.8,100
335,ROU,Romania,2000,20.3,0,5.6,0.9,0,19.6,31.1,2.3,0,0.1,0,8.1,2.5,9.4,100,6.8,20.3,5.6,0.9,0,11.6,0,4.6,24.4,2.3,0,0.1,0,7.4,2.2,13.9,100,48.5,4.6,0,0.2,0,14.7,4.3,27.6,100,13.6,40.8,11.2,1.8,0,23.3,0,9.3,100
336,RUS,Russian Federation,2000,24.8,0.4,7.4,5,0,21,13.8,1.8,0,1,0,9,2.1,13.7,100,3.8,23.8,6.9,5,0,11.8,0,3.6,9.9,1.8,0,1,0,8.4,2.1,21.9,100,22.1,3.9,0,2.2,0,18.6,4.6,48.6,100,7,43.3,12.5,9.1,0,21.6,0,6.6,100
337,RWA,Rwanda,2000,7.5,0.8,9.4,4.5,0.6,3.7,20.8,18.4,5.7,4.9,1.1,4,7.1,11.6,100,1.8,5.8,8.4,4.5,0.6,1.4,0.2,1.7,19,18.1,5.7,4.9,1.1,3.6,7.1,16,100,25.2,24,7.6,6.4,1.4,4.8,9.4,21.2,100,7.4,23.8,34.4,18.4,2.4,5.7,1,6.9,100
338,KNA,Saint Kitts & Nevis,2000,35.1,0,19.1,3.7,0,12.3,2.6,2.6,0,0,0,1.7,0,23,100,0,33.4,17.4,3.7,0,3.7,0,5,2.6,2.6,0,0,0,1.7,0,29.9,100,7.1,7.1,0,0,0,4.5,0,81.2,100,0,52.9,27.5,5.8,0,5.8,0,8,100
339,LCA,Saint Lucia,2000,30.9,0,10.4,10.5,0,13.7,4,2.3,0,2.2,0,5.7,0.8,19.6,100,0,30.3,10,10.5,0,8.2,0,2.8,4,2.3,0,2.2,0,5.7,0.8,23.2,100,10.6,5.9,0,5.9,0,14.9,2.1,60.7,100,0,49,16.2,16.9,0,13.3,0,4.6,100
340,WSM,Samoa,2000,24.2,0.9,7.4,5.3,0,21.9,13.2,4.7,0,0,0,7.2,1.5,13.7,100,3,23.1,6.7,5.3,0,12.2,0,2.8,10.2,4.7,0,0,0,6.5,1.5,23.9,100,21.7,10.1,0,0,0,13.8,3.3,51.1,100,5.7,43.5,12.6,9.9,0,23,0,5.3,100
341,SMR,San Marino,2000,3.3,0,4.1,0,0,30.5,5.2,0.2,0,0,0,18.8,3,34.9,100,0,0,0,0,0,0,0,0,5.2,0.2,0,0,0,18.8,3,72.7,100,5.2,0.2,0,0,0,18.8,3,72.7,100,0,0,0,0,0,0,0,0,100
342,STP,Sao Tome & Principe,2000,12.2,0.2,9.2,4.3,0.3,4.8,16.6,11.5,20.7,1.8,0.2,4.3,2.6,11.4,100,2.1,10.7,8.3,4.3,0.3,2.1,0.2,1.6,14.5,11.2,20.7,1.8,0.2,4,2.6,15.3,100,20.7,15.9,29.4,2.6,0.3,5.7,3.7,21.7,100,7,35.9,28.1,14.6,1,7,0.8,5.5,100
343,SAU,Saudi Arabia,2000,22.9,0.8,10.4,3.9,0,21.4,9.8,2.6,0,0,0.1,9,0.8,18.3,100,0.7,20.5,9.8,3.9,0,11.9,0,7.2,9.1,2.6,0,0,0.1,8.5,0.8,24.8,100,19.7,5.7,0,0,0.3,18.5,1.8,53.9,100,1.4,37.9,18.1,7.3,0,22.1,0,13.3,100
344,SEN,Senegal,2000,11,0.9,8.8,5.3,0.7,3.5,18.6,14.9,8.3,0.4,7.9,4,4.7,11.1,100,1.9,9.4,8,5.3,0.7,1.3,0.2,1.5,16.7,14.7,8.3,0.4,7.9,3.8,4.7,15.2,100,23.3,20.5,11.6,0.5,11,5.3,6.6,21.2,100,6.8,33.2,28.3,18.6,2.4,4.7,0.8,5.3,100
345,SRB,Serbia,2000,31.2,0,16.4,4.7,0,26.4,5.4,0.9,0,0.3,0,4.8,1.4,8.5,100,0.8,29.2,14.5,4.7,0,10.8,0,1.4,4.6,0.9,0,0.3,0,4.8,1.4,26.6,100,11.8,2.4,0,0.9,0,12.4,3.7,68.8,100,1.3,47.6,23.6,7.6,0,17.7,0,2.2,100
346,SYC,Seychelles,2000,27.3,0,9.4,6.3,0,25.3,6.6,1.2,0,0,0,8.3,1,14.8,100,1.3,26.2,8.9,6.3,0,16.9,0,5.3,5.3,1.2,0,0,0,7.7,1,19.9,100,15,3.5,0,0,0,21.9,2.7,56.8,100,2,40.3,13.8,9.7,0,26.1,0,8.2,100
347,SLE,Sierra Leone,2000,7,0.5,5.6,3,1,2.5,12.8,13.6,26,0.5,15.8,2,2.6,7.1,100,1.3,5.9,5.2,3,1,1.2,0.3,1,11.5,13.3,26,0.4,15.8,1.9,2.6,9.6,100,14.2,16.4,32,0.6,19.5,2.3,3.2,11.8,100,6.9,31.1,27.6,16,5.1,6.5,1.6,5.1,100
348,SGP,Singapore,2000,20.3,0,3.6,1.7,0,33.1,8.8,0,0,0,0,6.3,4,22.1,100,0.6,14.5,2.9,1.7,0,16.9,0,1.2,8.3,0,0,0,0,6.3,3.5,44.2,100,13.3,0,0,0,0,10.2,5.5,71,100,1.5,38.5,7.7,4.6,0,44.6,0,3.1,100
349,SVK,Slovakia,2000,31.4,0,4.9,1.5,0,27.9,11.4,1.3,0,0,0,5.2,1.5,15,100,2.5,28.1,4.4,1.5,0,18.5,0,5.9,8.8,1.3,0,0,0,5,1.5,22.5,100,22.6,3.4,0,0,0,12.7,3.8,57.6,100,4.1,46.2,7.2,2.4,0,30.3,0,9.7,100
350,SVN,Slovenia,2000,32.2,0,7.9,4.9,0,38.6,0,0,0,0,0,6.6,0,9.8,100,0,30.2,5.8,4.9,0,19.5,0,0,0,0,0,0,0,6.6,0,33,100,0,0,0,0,0,16.7,0,83.3,100,0,50,9.7,8.1,0,32.3,0,0,100
351,SLB,Solomon Islands,2000,13.5,2.9,12.3,6.5,0.2,9.7,16.4,7.7,12.1,0,0,5.6,2.9,10.2,100,2.5,12.2,11.4,6.5,0.2,7.3,0.2,3.3,13.9,7.5,12.1,0,0,5.4,2.9,14.5,100,24.8,13.3,21.6,0,0,9.5,5.1,25.7,100,5.7,28,26,14.9,0.6,16.7,0.5,7.6,100
352,SOM,Somalia,2000,7.4,0.7,8.2,2.9,1.7,2.8,17.7,15.7,1.1,0.4,26.2,3.3,3.9,8.1,100,1.9,6.1,7.4,2.9,1.7,1.2,0.3,1.1,15.8,15.4,1.1,0.4,26.2,3.1,3.9,11.6,100,20.4,19.9,1.4,0.5,33.8,4,5,15,100,8.4,27.3,32.9,12.7,7.5,5.3,1.2,4.8,100
353,ZAF,South Africa,2000,9.5,0.2,5.7,2.7,0,4.8,14.6,11.7,0.2,28.5,0.6,5,1.3,15.1,100,1.8,7.8,4.7,2.7,0,1.3,0,3.1,12.8,11.7,0.2,28.5,0.6,4.7,1.3,18.9,100,16.3,14.8,0.2,36.2,0.8,6,1.6,24,100,8.4,36.3,22.1,12.9,0,5.9,0,14.4,100
354,SSD,South Sudan,2000,8.5,1.1,10.9,3.2,4.8,3.3,18.8,15.9,12.8,1.5,3.4,3.3,4.4,8.1,100,2.5,7.1,10.2,3.2,4.8,1.7,0.3,1.5,16.3,15.5,12.8,1.5,3.4,3.1,4.4,11.7,100,23.8,22.7,18.7,2.1,4.9,4.6,6.4,17,100,8.1,22.7,32.6,10.3,15.2,5.5,1,4.6,100
355,ESP,Spain,2000,22.8,0.1,8,5.2,0,34.9,2,0.2,0,0.1,0,5.5,2.9,18.4,100,0.3,19.8,7.2,5.2,0,20,0,8.8,1.7,0.2,0,0.1,0,5.2,2.9,28.6,100,4.4,0.4,0,0.1,0,13.6,7.4,74.1,100,0.5,32.3,11.8,8.4,0,32.6,0,14.4,100
356,LKA,Sri Lanka,2000,22.8,0.6,8.4,4,0.5,23.6,10.1,4.1,0.3,0,0,6.1,0.9,18.6,100,3.3,22.5,8.1,4,0.5,14.2,0,9.4,6.7,4.1,0.3,0,0,5.5,0.9,20.5,100,17.7,10.7,0.9,0.1,0,14.4,2.4,53.8,100,5.4,36.3,13.1,6.4,0.7,22.9,0,15.1,100
357,VCT,St Vincent & the Grenadines,2000,35.8,0,11.2,3.5,0,16.1,3.3,3.4,0,3.2,0,6.8,1.1,15.8,100,0,32.5,10.1,3.5,0,12,0,2.4,3.3,3.4,0,3.2,0,6.8,1.1,21.8,100,8.2,8.6,0,8,0,17.2,2.7,55.2,100,0,53.8,16.7,5.7,0,19.8,0,4,100
358,SDN,Sudan,2000,13.3,1.2,9.8,5.1,0.8,3.6,21.1,15,2.2,0.1,5.6,5.1,5,12.1,100,2.5,11.7,9,5.1,0.8,1.8,0.3,1.8,18.7,14.7,2.2,0.1,5.6,4.8,5,15.9,100,27.9,21.9,3.3,0.2,8.4,7.1,7.4,23.7,100,7.4,35.5,27.3,15.4,2.5,5.4,0.9,5.6,100
359,SUR,Suriname,2000,20.9,0,7.9,14.7,0,12.2,8.2,6.6,3,1.2,0,8.2,2.1,15,100,3,20.2,7.1,14.7,0,8.1,0,0.5,5.2,6.6,3,1.2,0,8.2,2.1,20,100,11.1,14.3,6.5,2.7,0,17.7,4.5,43.2,100,5.7,37.7,13.2,27.4,0,15.1,0,0.9,100
360,SWZ,Swaziland,2000,6.8,0.8,6,2.3,0.1,4.3,15.9,12.3,0,35.2,0,3.6,2,10.5,100,1.1,5,5.2,2.3,0.1,0.9,0.1,1.4,14.8,12.3,0,34.9,0,3.5,2,16.4,100,17.7,14.6,0,41.6,0,4.1,2.4,19.5,100,6.9,31.1,32.3,14.2,0.8,5.8,0.5,8.5,100
361,SWE,Sweden,2000,16.5,0.4,9,4.8,0,45.1,1.8,0,0,0,0,4.2,1.3,16.9,100,0.6,11,6.5,4.8,0,22.8,0,7,1.3,0,0,0,0,4,1.3,40.9,100,2.7,0,0,0,0,8.3,2.7,86.3,100,1.1,20.9,12.3,9.1,0,43.3,0,13.4,100
362,CHE,Switzerland,2000,25.8,0,8.1,2.7,0,30.9,1.5,0.3,0,0,0,8,2,20.6,100,0.4,23.8,8.1,2.7,0,19.4,0,7.2,1,0.3,0,0,0,7.6,2,27.4,100,2.7,0.9,0,0,0,19.8,5.2,71.5,100,0.7,38.6,13.1,4.5,0,31.5,0,11.6,100
363,SYR,Syria,2000,22.6,0.9,10.9,3.6,0.6,20.7,14.4,9.5,0,0,0.1,4.2,0.6,11.8,100,3,21.2,10.1,3.6,0.6,12.4,0,3,11.5,9.5,0,0,0.1,3.5,0.6,20.9,100,24.8,20.7,0,0,0.3,7.6,1.3,45.3,100,5.5,39.3,18.7,6.7,1,23,0,5.7,100
364,TJK,Tajikistan,2000,13.8,0.2,10.1,3.9,0.5,5.5,22.6,15.5,0,0.3,0,6,4.5,17,100,2.2,12.2,8.5,3.9,0.5,2.3,0.4,2.3,20.5,15.1,0,0.3,0,5.5,4.5,21.8,100,30.2,22.3,0,0.4,0,8.2,6.6,32.1,100,6.7,37.9,26.3,12,1.6,7.2,1.2,7.2,100
365,TZA,Tanzania,2000,7.9,0.8,9.2,4.5,0.4,3.3,18,13.6,12.7,9.9,2,3.9,3.6,10.2,100,1.9,6.7,8.2,4.5,0.4,1.4,0.2,1.6,16.1,13.4,12.7,9.8,2,3.7,3.6,13.9,100,21.4,17.8,16.9,13,2.7,4.9,4.8,18.4,100,7.5,26.9,33.3,18,1.7,5.6,0.7,6.3,100
366,THA,Thailand,2000,23.3,0.4,8.1,5.6,0.4,20.4,13,4.8,1,3.5,0.2,4.6,1.1,13.4,100,3.9,22.3,7.8,5.6,0.4,11.5,0,4.2,9.1,4.8,1,3.5,0.2,4,1.1,20.4,100,20.5,10.9,2.3,7.9,0.5,9.1,2.5,46.2,100,7,40.1,14,10.1,0.7,20.7,0,7.5,100
367,TLS,Timor Leste,2000,12.3,0.9,11.1,4.3,1.5,3.6,22.5,16.1,7.2,0,0,5.5,3.3,11.7,100,2.5,10.7,10.3,4.3,1.4,2,0.5,2.6,20,15.7,7.2,0,0,5,3.3,14.5,100,30.5,23.9,10.9,0,0,7.7,5,22.1,100,7.2,31.2,30.1,12.5,4.1,5.9,1.4,7.7,100
368,TGO,Togo,2000,9.3,0.9,9.1,4.9,0.7,2.8,11.8,8.4,26.9,4,10.2,2.5,2.1,6.3,100,2,8.5,8.6,4.9,0.7,1.5,0.2,1.6,9.8,8.1,26.9,4,10.2,2.4,2.1,8.5,100,13.6,11.3,37.3,5.5,14.2,3.3,3,11.8,100,7.3,30.2,30.8,17.5,2.4,5.4,0.9,5.6,100
369,TON,Tonga,2000,19.5,0,6,4.6,0,23.6,12.8,4.9,0,0,0,8.9,1.7,18,100,2.2,17.6,5,4.6,0,10.3,0,2.4,10.6,4.9,0,0,0,8.3,1.7,32.2,100,18.3,8.5,0,0,0,14.4,3,55.8,100,5.2,41.6,11.9,11,0,24.5,0,5.8,100
370,TTO,Trinidad & Tobago,2000,37.5,0,26.6,2.8,0,12.6,3.2,1,0,3,0,2.5,1.2,9.7,100,1.5,28.8,24.2,2.8,0,6.5,0,1.2,1.6,1,0,3,0,2.2,1.2,25.9,100,4.7,2.9,0,8.7,0,6.2,3.5,74.1,100,2.4,44.3,37.1,4.3,0,10,0,1.9,100
371,TUN,Tunisia,2000,24.6,0.3,11.5,3.4,1.3,17.7,15.2,5.5,0,0,0,4.9,0.7,14.9,100,4.1,23,11,3.4,1.3,10.1,0,4.8,11.1,5.5,0,0,0,4.3,0.7,20.7,100,26.2,13,0,0,0,10.1,1.6,48.9,100,7.2,39.9,19.1,5.9,2.2,17.5,0,8.3,100
372,TUR,Turkey,2000,24,0,7.2,3.9,0,24.7,8.1,1,0,0,0,3.3,0.7,27.1,100,1,22,6.4,3.9,0,11,0,6.6,7,1,0,0,0,3.3,0.7,37.1,100,14.4,2,0,0,0,6.7,1.4,75.5,100,2,43.2,12.6,7.7,0,21.7,0,12.9,100
373,TKM,Turkmenistan,2000,16.3,0.2,10.4,3.7,0.4,7.6,21.1,14.3,0,0,0,6,2.8,17.2,100,2.2,14.8,8.6,3.7,0.4,3.4,0.3,2.3,18.9,14,0,0,0,5.4,2.8,23.2,100,29.4,21.7,0,0,0,8.4,4.3,36.1,100,6.1,41.6,24.2,10.4,1.2,9.4,0.8,6.4,100
374,TUV,Tuvalu,2000,26.5,0,11.3,4.7,0,13,17.9,6,0,0,0,6.3,1.5,12.7,100,4.7,25.9,10.9,4.7,0,7.9,0,4.3,13.3,6,0,0,0,5.5,1.5,15.4,100,31.9,14.5,0,0,0,13.2,3.6,36.9,100,8,44.3,18.7,8.1,0,13.5,0,7.3,100
375,UGA,Uganda,2000,7.5,0.8,7.4,3.5,0.3,2.6,13.2,10.1,27.2,7.5,7,2.8,2.7,7.3,100,1.5,6.5,6.6,3.5,0.3,1.1,0.2,1.4,11.7,10,27.2,7.5,7,2.5,2.7,10.3,100,14.8,12.6,34.4,9.5,8.9,3.2,3.5,13.1,100,7.1,31,31.4,16.8,1.6,5,0.8,6.4,100
376,UKR,Ukraine,2000,25.8,0.5,7.9,4,0,22.8,14.7,2,0,3.7,0.2,6.5,1.6,10.5,100,5.6,24.5,7,4,0,14.1,0,4.2,9.1,2,0,3.6,0.2,5.6,1.6,18.5,100,22.4,4.9,0,8.9,0.4,13.9,3.9,45.6,100,9.5,41.2,11.8,6.7,0,23.8,0,7.1,100
377,ARE,United Arab Emirates,2000,25.2,0.9,9,2.2,0,26.3,5.4,0.8,0,0,0,8.7,0.8,20.7,100,0.3,19.1,7.3,2.2,0,13.7,0,7.5,5.2,0.8,0,0,0,8.4,0.8,34.7,100,10.3,1.6,0,0,0,16.9,1.6,69.5,100,0.6,38.2,14.5,4.4,0,27.3,0,15,100
378,GBR,United Kingdom,2000,35,0.1,6.2,2.7,0,23.7,4.1,1.3,0,0.1,0,5,3,18.9,100,0.7,32.2,6,2.7,0,12.7,0,2.8,3.3,1.3,0,0.1,0,4.6,2.9,30.8,100,7.8,2.9,0,0.1,0,10.8,6.6,71.7,100,1.2,56.4,10.5,4.8,0,22.2,0,4.8,100
379,USA,United States of America,2000,27.4,0,4.8,2.7,0,25.3,3.1,2,0,0.1,0,11.4,0.9,22.2,100,0.4,24.4,4.3,2.7,0,14.2,0,8.3,2.7,2,0,0.1,0,11,0.9,28.9,100,6,4.4,0,0.3,0,24,2,63.3,100,0.7,45,7.8,4.9,0,26.2,0,15.3,100
380,URY,Uruguay,2000,21.9,0,7.4,6.5,0,26,8.8,3.1,0,0.4,0,7.4,1.2,17.2,100,1.2,19.4,6.6,6.5,0,12.2,0,3.6,7.6,3.1,0,0.3,0,6.9,1.2,31.3,100,15.1,6.2,0,0.6,0,13.7,2.5,62,100,2.5,39.2,13.4,13.2,0,24.6,0,7.2,100
381,UZB,Uzbekistan,2000,19.6,0.3,12.2,4.5,0.5,9.2,18.7,11,0,0.2,0,5.3,2.9,15.6,100,2.7,18.3,10.6,4.5,0.5,5.3,0.3,2.8,16,10.7,0,0.2,0,5.1,2.9,20.1,100,29.1,19.5,0,0.4,0,9.2,5.2,36.6,100,6,40.7,23.5,10.1,1.1,11.8,0.6,6.3,100
382,VUT,Vanuatu,2000,17.4,1.8,8.3,2.9,0.7,15.7,15.6,15.6,7.9,0,0,5.2,1.4,7.7,100,2.8,17.1,8.1,2.9,0.7,8.5,0,2.9,12.8,15.6,7.9,0,0,4.7,1.4,14.8,100,22.4,27.3,13.8,0,0,8.2,2.4,25.9,100,6.5,39.7,18.9,6.8,1.5,19.9,0,6.6,100
383,VEN,Venezuela,2000,25.2,0.5,9,9.7,0,14.9,8.1,10.4,0.1,0.2,0,6.5,1.9,13.5,100,1.6,24.7,8.9,9.7,0,7.8,0,2.5,6.4,10.4,0.1,0.2,0,6.2,1.9,19.5,100,14.4,23.3,0.3,0.5,0,13.8,4.2,43.7,100,3,44.7,16.1,17.5,0,14.1,0,4.6,100
384,VNM,Vietnam,2000,18,0.2,6.7,3.4,0.4,15.1,19.2,13.9,0.2,0.2,6.7,3.4,1.5,11.1,100,4.5,17.6,6.6,3.4,0.4,6.9,0,2.1,14.7,13.9,0.2,0.2,6.7,2.7,1.5,18.5,100,25.1,23.8,0.4,0.4,11.4,4.7,2.6,31.7,100,10.9,42.4,15.9,8.1,0.9,16.6,0,5.1,100
385,YEM,Yemen,2000,14.2,1.2,9.8,6.2,1.3,3.7,21.9,14.8,1.2,0,5.2,5.6,3,11.8,100,2.7,12.4,9.3,6.2,1.3,2.1,0.5,2.8,19.2,14.3,1.2,0,5.2,5.1,3,14.7,100,30.6,22.8,1.8,0,8.4,8.2,4.7,23.4,100,7.3,33.4,25,16.5,3.5,5.6,1.3,7.4,100
386,ZMB,Zambia,2000,6.8,0.6,7.7,3.8,0.3,3,16.5,14.4,15,11.2,4.8,3.3,2.8,9.8,100,1.5,5.8,6.6,3.8,0.3,1,0.2,1.4,15,14.3,15,11,4.8,3.1,2.8,13.4,100,18.9,17.9,18.9,13.9,6.1,3.9,3.5,16.9,100,7.1,28.3,32.1,18.4,1.5,5.1,0.8,6.7,100
387,ZWE,Zimbabwe,2000,7.7,0.2,6.7,2.7,0.2,3.3,12.3,8.7,3.4,41.2,0.3,2.9,1.9,8.6,100,1.4,6.4,6.2,2.7,0.2,1.3,0.1,1.6,10.9,8.6,3.4,40.8,0.3,2.8,1.9,11.5,100,13.6,10.7,4.2,50.9,0.4,3.5,2.4,14.3,100,7.1,32.4,31,13.5,0.8,6.5,0.5,8.2,100
